1,He hated bees and feared encountering a,disease,0.0002792536106426269
1,He hated bees and feared encountering a,nest,0.05878365784883499
1,He hated bees and feared encountering a,bee,0.0074289413169026375
1,He hated bees and feared encountering a,sting,0.040903545916080475
1,He hated bees and feared encountering a,wasp,0.0009509942028671503
1,He hated bees and feared encountering a,swarm,0.30666986107826233
1,He hated bees and feared encountering a,hive,0.25773754715919495
1,He hated bees and feared encountering a,hornet,0.0006884266622364521
2,Grace laughed when he referred to her as a,woman,0.08435283601284027
2,Grace laughed when he referred to her as a,girl,0.026852885261178017
2,Grace laughed when he referred to her as a,star,0.00015016285760793835
2,Grace laughed when he referred to her as a,friend,0.0645703598856926
2,Grace laughed when he referred to her as a,child,0.057457078248262405
2,Grace laughed when he referred to her as a,boy,0.0014697889564558864
2,Grace laughed when he referred to her as a,queen,0.0056754895485937595
2,Grace laughed when he referred to her as a,lady,0.018188796937465668
2,Grace laughed when he referred to her as a,male,8.641280146548524e-05
2,Grace laughed when he referred to her as a,baby,0.018094142898917198
2,Grace laughed when he referred to her as a,beautiful,0.00010276184184476733
2,Grace laughed when he referred to her as a,mom,0.0012009850470349193
2,Grace laughed when he referred to her as a,teacher,0.0002473834028933197
2,Grace laughed when he referred to her as a,actress,2.497231889719842e-06
2,Grace laughed when he referred to her as a,cancer,2.1636004021274857e-05
2,Grace laughed when he referred to her as a,princess,0.006771334446966648
2,Grace laughed when he referred to her as a,ass,7.172995537985116e-06
2,Grace laughed when he referred to her as a,crazy,1.3312963346834294e-05
2,Grace laughed when he referred to her as a,bird,0.006793688982725143
2,Grace laughed when he referred to her as a,kid,0.019816452637314796
2,Grace laughed when he referred to her as a,relative,0.0016622567782178521
2,Grace laughed when he referred to her as a,girlfriend,0.016796143725514412
2,Grace laughed when he referred to her as a,buffalo,3.464581095613539e-05
2,Grace laughed when he referred to her as a,witch,0.023481126874685287
2,Grace laughed when he referred to her as a,goddess,0.005431116558611393
2,Grace laughed when he referred to her as a,chicken,0.0005570704233832657
2,Grace laughed when he referred to her as a,idiot,8.59401097841328e-06
2,Grace laughed when he referred to her as a,wizard,2.397851312707644e-05
2,Grace laughed when he referred to her as a,feminist,0.0003108418604824692
2,Grace laughed when he referred to her as a,monkey,0.001425646711140871
2,Grace laughed when he referred to her as a,doll,0.001478275517001748
2,Grace laughed when he referred to her as a,loser,0.00027462755679152906
2,Grace laughed when he referred to her as a,cow,0.002585916081443429
2,Grace laughed when he referred to her as a,jerk,0.0001573541812831536
2,Grace laughed when he referred to her as a,puppet,0.00029855905449949205
2,Grace laughed when he referred to her as a,chick,0.0009217659244313836
2,Grace laughed when he referred to her as a,clown,3.2429346902063116e-05
2,Grace laughed when he referred to her as a,lush,0.0008082108688540757
2,Grace laughed when he referred to her as a,liar,0.0012810409534722567
2,Grace laughed when he referred to her as a,hooker,0.011518141254782677
2,Grace laughed when he referred to her as a,donkey,0.00030060613062232733
2,Grace laughed when he referred to her as a,bully,2.548836164351087e-05
2,Grace laughed when he referred to her as a,cheat,0.0003884078760165721
2,Grace laughed when he referred to her as a,diva,0.00019023893401026726
3,The baby's face puckered when she ate something,sweet,0.027437150478363037
3,The baby's face puckered when she ate something,bitter,0.039777472615242004
3,The baby's face puckered when she ate something,sour,0.010463454760611057
3,The baby's face puckered when she ate something,salty,0.029790613800287247
4,The beach is the place we will usually,like,0.00017359547200612724
4,The beach is the place we will usually,go,0.34229758381843567
4,The beach is the place we will usually,park,0.003384355455636978
4,The beach is the place we will usually,rest,0.010049119591712952
4,The beach is the place we will usually,stay,0.01799967512488365
4,The beach is the place we will usually,meet,0.09730402380228043
4,The beach is the place we will usually,walk,0.0339195653796196
4,The beach is the place we will usually,visit,0.07606761157512665
4,The beach is the place we will usually,avoid,0.003150212811306119
4,The beach is the place we will usually,celebrate,0.0005315718008205295
4,The beach is the place we will usually,gather,0.0112263523042202
4,The beach is the place we will usually,tan,2.729844709392637e-06
4,The beach is the place we will usually,relax,0.01663629524409771
4,The beach is the place we will usually,swim,0.005894927307963371
4,The beach is the place we will usually,ch,2.8203185564734667e-08
4,The beach is the place we will usually,dig,5.7382083468837664e-05
4,The beach is the place we will usually,vacation,0.0019231446785852313
4,The beach is the place we will usually,trash,1.099301471185754e-06
4,The beach is the place we will usually,picnic,0.0005506439483724535
5,After waiting three hours, Cal whined and started to,leave,0.02294476516544819
5,After waiting three hours, Cal whined and started to,cry,0.31833377480506897
5,After waiting three hours, Cal whined and started to,pace,0.13658839464187622
5,After waiting three hours, Cal whined and started to,argue,0.0016308077611029148
5,After waiting three hours, Cal whined and started to,bark,0.015797583386301994
5,After waiting three hours, Cal whined and started to,yell,0.002953267889097333
5,After waiting three hours, Cal whined and started to,complain,0.00565347308292985
5,After waiting three hours, Cal whined and started to,twitch,0.00023861590307205915
5,After waiting three hours, Cal whined and started to,paw,0.0008747493266128004
5,After waiting three hours, Cal whined and started to,weep,0.0010224584257230163
6,While watching the funny movie, Kim was overcome with,joy,0.05083036422729492
6,While watching the funny movie, Kim was overcome with,laughter,0.09949445724487305
6,While watching the funny movie, Kim was overcome with,emotion,0.119043730199337
6,While watching the funny movie, Kim was overcome with,humor,0.0019224000861868262
6,While watching the funny movie, Kim was overcome with,giggles,0.016415543854236603
7,Hearing noises from above, the confused man inspected the,area,0.15330031514167786
7,Hearing noises from above, the confused man inspected the,room,0.015112834051251411
7,Hearing noises from above, the confused man inspected the,door,0.0027404942084103823
7,Hearing noises from above, the confused man inspected the,source,0.0001635290536796674
7,Hearing noises from above, the confused man inspected the,tree,0.0014191081281751394
7,Hearing noises from above, the confused man inspected the,machine,0.00010213491623289883
7,Hearing noises from above, the confused man inspected the,sky,0.0040504508651793
7,Hearing noises from above, the confused man inspected the,kids,7.872920105000958e-05
7,Hearing noises from above, the confused man inspected the,roof,0.00825823936611414
7,Hearing noises from above, the confused man inspected the,bedroom,0.00011767810792662203
7,Hearing noises from above, the confused man inspected the,stairs,0.005662569310516119
7,Hearing noises from above, the confused man inspected the,worst,1.2907775271742139e-05
7,Hearing noises from above, the confused man inspected the,fan,3.4386546758469194e-05
7,Hearing noises from above, the confused man inspected the,ceiling,0.00275394762866199
7,Hearing noises from above, the confused man inspected the,clouds,0.00015637815522495657
7,Hearing noises from above, the confused man inspected the,upstairs,2.816635424096603e-05
7,Hearing noises from above, the confused man inspected the,pipes,3.6877416278002784e-05
7,Hearing noises from above, the confused man inspected the,attic,0.0005748956464231014
7,Hearing noises from above, the confused man inspected the,stairway,0.0012155373115092516
7,Hearing noises from above, the confused man inspected the,rooftop,0.008121319115161896
7,Hearing noises from above, the confused man inspected the,vents,9.172155114356428e-05
8,The restaurants on the west end were very,best,0.0001949785219039768
8,The restaurants on the west end were very,good,0.09539628028869629
8,The restaurants on the west end were very,old,0.002411562018096447
8,The restaurants on the west end were very,hot,0.0003263619728386402
8,The restaurants on the west end were very,nice,0.009739294648170471
8,The restaurants on the west end were very,dry,0.0003498889273032546
8,The restaurants on the west end were very,clean,0.002047987887635827
8,The restaurants on the west end were very,loud,0.0003578015312086791
8,The restaurants on the west end were very,busy,0.08481306582689285
8,The restaurants on the west end were very,expensive,0.1063511073589325
8,The restaurants on the west end were very,dirty,6.052148819435388e-05
8,The restaurants on the west end were very,wonderful,0.00012605638767126948
8,The restaurants on the west end were very,cheap,0.007178176660090685
8,The restaurants on the west end were very,crowded,0.1240193173289299
8,The restaurants on the west end were very,fancy,0.003470874624326825
8,The restaurants on the west end were very,elegant,0.006757841445505619
8,The restaurants on the west end were very,sparse,0.0015134753193706274
8,The restaurants on the west end were very,luxurious,0.0076223439536988735
8,The restaurants on the west end were very,noisy,0.0009448271594010293
8,The restaurants on the west end were very,extravagant,0.0003725173301063478
8,The restaurants on the west end were very,upscale,0.010030979290604591
9,Tim was very tired, so he was difficult to,work,0.0014578375266864896
9,Tim was very tired, so he was difficult to,see,0.03130127862095833
9,Tim was very tired, so he was difficult to,take,0.0020995624363422394
9,Tim was very tired, so he was difficult to,help,0.00022361535229720175
9,Tim was very tired, so he was difficult to,find,0.011996620334684849
9,Tim was very tired, so he was difficult to,control,0.04534698277711868
9,Tim was very tired, so he was difficult to,move,0.11052843928337097
9,Tim was very tired, so he was difficult to,study,0.0010141604579985142
9,Tim was very tired, so he was difficult to,talk,0.024968864396214485
9,Tim was very tired, so he was difficult to,hear,0.1206832304596901
9,Tim was very tired, so he was difficult to,read,0.14667460322380066
9,Tim was very tired, so he was difficult to,drive,0.0023884980473667383
9,Tim was very tired, so he was difficult to,understand,0.0343141183257103
9,Tim was very tired, so he was difficult to,please,0.001744458801113069
9,Tim was very tired, so he was difficult to,visit,0.00014570960775017738
9,Tim was very tired, so he was difficult to,carry,0.004053532611578703
9,Tim was very tired, so he was difficult to,handle,0.0014149211347103119
9,Tim was very tired, so he was difficult to,wake,0.005599083378911018
9,Tim was very tired, so he was difficult to,calm,0.0007099714130163193
9,Tim was very tired, so he was difficult to,enjoy,1.4429157999984454e-05
9,Tim was very tired, so he was difficult to,manage,0.017917871475219727
9,Tim was very tired, so he was difficult to,teach,0.00021385583386290818
9,Tim was very tired, so he was difficult to,convince,0.000574189645703882
9,Tim was very tired, so he was difficult to,engage,0.00015514389087911695
9,Tim was very tired, so he was difficult to,relax,0.001698642154224217
9,Tim was very tired, so he was difficult to,concentrate,0.044738687574863434
9,Tim was very tired, so he was difficult to,confront,2.3448727006325498e-05
9,Tim was very tired, so he was difficult to,endure,0.0004750066145788878
9,Tim was very tired, so he was difficult to,tolerate,0.0004341404710430652
9,Tim was very tired, so he was difficult to,entertain,0.00018479891878087074
9,Tim was very tired, so he was difficult to,consult,4.593477206071839e-05
9,Tim was very tired, so he was difficult to,rouse,0.030021728947758675
9,Tim was very tired, so he was difficult to,soothe,0.00011340789205860347
10,Jean was satisfied as her sculpture began to take,off,0.0007709044148214161
10,Jean was satisfied as her sculpture began to take,life,0.00027150395908392966
10,Jean was satisfied as her sculpture began to take,form,0.17003503441810608
10,Jean was satisfied as her sculpture began to take,money,1.9589937494401966e-07
10,Jean was satisfied as her sculpture began to take,action,4.249268749845214e-05
10,Jean was satisfied as her sculpture began to take,hold,0.0011486365692690015
10,Jean was satisfied as her sculpture began to take,effect,0.0005285378429107368
10,Jean was satisfied as her sculpture began to take,dry,1.2868013321565286e-08
10,Jean was satisfied as her sculpture began to take,shape,0.8206411600112915
10,Jean was satisfied as her sculpture began to take,pictures,6.826164462836459e-05
10,Jean was satisfied as her sculpture began to take,glow,2.122215221334045e-07
10,Jean was satisfied as her sculpture began to take,measurements,4.0098866520565934e-06
11,Pressed for time, Beth made a quick grocery,run,0.012664849869906902
11,Pressed for time, Beth made a quick grocery,stop,0.0029278125148266554
11,Pressed for time, Beth made a quick grocery,list,0.8994729518890381
11,Pressed for time, Beth made a quick grocery,visit,0.00023418378259520978
11,Pressed for time, Beth made a quick grocery,trip,0.0032288203947246075
12,A village was discovered between the mountains, in a,town,0.0008929610485211015
12,A village was discovered between the mountains, in a,river,0.010360490530729294
12,A village was discovered between the mountains, in a,community,9.446188050787896e-05
12,A village was discovered between the mountains, in a,field,0.02674594521522522
12,A village was discovered between the mountains, in a,valley,0.277095764875412
12,A village was discovered between the mountains, in a,foreign,4.3947878225480963e-07
12,A village was discovered between the mountains, in a,forest,0.07443996518850327
12,A village was discovered between the mountains, in a,circle,0.0003632555017247796
12,A village was discovered between the mountains, in a,tunnel,0.008415206335484982
12,A village was discovered between the mountains, in a,cave,0.15107057988643646
12,A village was discovered between the mountains, in a,gap,0.0028466933872550726
12,A village was discovered between the mountains, in a,cliff,0.0015599009348079562
12,A village was discovered between the mountains, in a,jungle,0.0074522895738482475
12,A village was discovered between the mountains, in a,cavern,0.0024281414225697517
12,A village was discovered between the mountains, in a,ravine,0.045349881052970886
13,David lost tug-of-war because he was too tired to,play,0.30358657240867615
13,David lost tug-of-war because he was too tired to,care,0.012228134088218212
13,David lost tug-of-war because he was too tired to,fight,0.10412943363189697
13,David lost tug-of-war because he was too tired to,stand,0.0018706743139773607
13,David lost tug-of-war because he was too tired to,pull,0.00017077874508686364
13,David lost tug-of-war because he was too tired to,weak,2.0396632294250594e-07
13,David lost tug-of-war because he was too tired to,compete,0.03161463141441345
13,David lost tug-of-war because he was too tired to,grip,2.5100180209847167e-05
14,The patient was angry for receiving the wrong,number,0.002679063007235527
14,The patient was angry for receiving the wrong,information,0.09740574657917023
14,The patient was angry for receiving the wrong,results,0.003263391787186265
14,The patient was angry for receiving the wrong,treatment,0.22327080368995667
14,The patient was angry for receiving the wrong,medicine,0.08770569413900375
14,The patient was angry for receiving the wrong,drug,0.01047454122453928
14,The patient was angry for receiving the wrong,message,0.005196100566536188
14,The patient was angry for receiving the wrong,papers,8.407500718021765e-05
14,The patient was angry for receiving the wrong,advice,0.0011815930483862758
14,The patient was angry for receiving the wrong,lunch,2.382894126640167e-05
14,The patient was angry for receiving the wrong,cure,0.0006333046476356685
14,The patient was angry for receiving the wrong,diagnosis,0.022867508232593536
14,The patient was angry for receiving the wrong,dose,0.011701375246047974
14,The patient was angry for receiving the wrong,medication,0.2296959012746811
14,The patient was angry for receiving the wrong,pills,0.003709386335685849
14,The patient was angry for receiving the wrong,info,0.0004900257918052375
14,The patient was angry for receiving the wrong,prescription,0.0020280415192246437
15,Paige thought the color of the wall was rather,red,0.006400755140930414
15,Paige thought the color of the wall was rather,dark,0.01698870025575161
15,Paige thought the color of the wall was rather,pretty,0.020157406106591225
15,Paige thought the color of the wall was rather,unique,0.000956783420406282
15,Paige thought the color of the wall was rather,dry,0.0009850198403000832
15,Paige thought the color of the wall was rather,bright,0.005301015451550484
15,Paige thought the color of the wall was rather,cool,0.013085288926959038
15,Paige thought the color of the wall was rather,loud,0.0007618640083819628
15,Paige thought the color of the wall was rather,plain,0.002086387015879154
15,Paige thought the color of the wall was rather,odd,0.07903489470481873
15,Paige thought the color of the wall was rather,ugly,0.003066939301788807
15,Paige thought the color of the wall was rather,dull,0.049286019057035446
15,Paige thought the color of the wall was rather,boring,0.0009322902769781649
15,Paige thought the color of the wall was rather,institutional,1.9071982251261943e-06
15,Paige thought the color of the wall was rather,soothing,0.012586904689669609
15,Paige thought the color of the wall was rather,vibrant,0.0014782738871872425
15,Paige thought the color of the wall was rather,inspiring,0.00011549251939868554
15,Paige thought the color of the wall was rather,bland,0.011920359916985035
15,Paige thought the color of the wall was rather,blah,1.655283267609775e-05
16,The stockholders meeting started after a short,time,0.12525621056556702
16,The stockholders meeting started after a short,video,2.450157808198128e-05
16,The stockholders meeting started after a short,fall,2.016500184254255e-05
16,The stockholders meeting started after a short,meeting,0.050927191972732544
16,The stockholders meeting started after a short,break,0.08256851881742477
16,The stockholders meeting started after a short,wait,0.09450553357601166
16,The stockholders meeting started after a short,piece,9.161418006442545e-07
16,The stockholders meeting started after a short,visit,0.0003532833361532539
16,The stockholders meeting started after a short,message,8.72148884809576e-05
16,The stockholders meeting started after a short,speech,0.0027442167047411203
16,The stockholders meeting started after a short,brief,8.686649380251765e-06
16,The stockholders meeting started after a short,introduction,0.0008139779092743993
16,The stockholders meeting started after a short,lunch,0.026426803320646286
16,The stockholders meeting started after a short,breakfast,0.005917736794799566
16,The stockholders meeting started after a short,argument,0.00020817980112042278
16,The stockholders meeting started after a short,prayer,0.003507524263113737
16,The stockholders meeting started after a short,reception,0.00021439020929392427
16,The stockholders meeting started after a short,presentation,0.0005135246901772916
16,The stockholders meeting started after a short,delay,0.16149890422821045
16,The stockholders meeting started after a short,pause,0.03693266957998276
16,The stockholders meeting started after a short,lecture,0.00024620932526886463
16,The stockholders meeting started after a short,announcement,0.00032254483085125685
16,The stockholders meeting started after a short,chat,0.0005654748529195786
16,The stockholders meeting started after a short,nap,0.0007579514640383422
16,The stockholders meeting started after a short,interruption,0.0009040116565302014
16,The stockholders meeting started after a short,recess,0.0658036321401596
17,A gardener, Harry likes to fertilize plants with,water,0.20164163410663605
17,A gardener, Harry likes to fertilize plants with,coffee,0.001664847368374467
17,A gardener, Harry likes to fertilize plants with,grounds,1.8615296539792325e-06
17,A gardener, Harry likes to fertilize plants with,sand,0.0009024716564454138
17,A gardener, Harry likes to fertilize plants with,salt,0.0013484349474310875
17,A gardener, Harry likes to fertilize plants with,tea,0.00013452180428430438
17,A gardener, Harry likes to fertilize plants with,sugar,0.00031146316905505955
17,A gardener, Harry likes to fertilize plants with,soil,0.00800932664424181
17,A gardener, Harry likes to fertilize plants with,eggs,0.0018330409657210112
17,A gardener, Harry likes to fertilize plants with,dirt,0.010037949308753014
17,A gardener, Harry likes to fertilize plants with,seeds,0.1254013329744339
17,A gardener, Harry likes to fertilize plants with,shells,7.055446621961892e-05
17,A gardener, Harry likes to fertilize plants with,chemicals,0.03427925705909729
17,A gardener, Harry likes to fertilize plants with,spray,0.0006845308816991746
17,A gardener, Harry likes to fertilize plants with,tomatoes,0.0004984853439964354
17,A gardener, Harry likes to fertilize plants with,nitrogen,0.0029558497481048107
17,A gardener, Harry likes to fertilize plants with,lime,0.0004729900974780321
17,A gardener, Harry likes to fertilize plants with,pee,1.2262205018487293e-05
17,A gardener, Harry likes to fertilize plants with,dung,0.0002751623105723411
17,A gardener, Harry likes to fertilize plants with,nitrate,3.076085249631433e-06
18,Josie drank a large glass of milk every,day,0.38153982162475586
18,Josie drank a large glass of milk every,night,0.44851717352867126
18,Josie drank a large glass of milk every,morning,0.10517261177301407
18,Josie drank a large glass of milk every,hour,0.0015364834107458591
18,Josie drank a large glass of milk every,evening,0.010946367867290974
19,Running low on cookies, the bakery needed a new,source,0.0005390280275605619
19,Running low on cookies, the bakery needed a new,supply,0.00043057434959337115
19,Running low on cookies, the bakery needed a new,stock,0.002612087409943342
19,Running low on cookies, the bakery needed a new,promotion,0.00011853194882860407
19,Running low on cookies, the bakery needed a new,employees,0.00013229255273472518
19,Running low on cookies, the bakery needed a new,cook,0.00928717851638794
19,Running low on cookies, the bakery needed a new,baker,0.009813248179852962
19,Running low on cookies, the bakery needed a new,dozen,5.3258172556525096e-05
19,Running low on cookies, the bakery needed a new,item,0.0014012238243594766
19,Running low on cookies, the bakery needed a new,chef,0.00773257901892066
19,Running low on cookies, the bakery needed a new,batch,0.07518802583217621
19,Running low on cookies, the bakery needed a new,oven,0.011840682476758957
19,Running low on cookies, the bakery needed a new,recipe,0.1753757894039154
19,Running low on cookies, the bakery needed a new,dessert,0.0033070016652345657
19,Running low on cookies, the bakery needed a new,shipment,0.001045541139319539
19,Running low on cookies, the bakery needed a new,mixer,0.0038491070736199617
20,The clothier grabbed a bolt of cloth from the,back,0.007175638806074858
20,The clothier grabbed a bolt of cloth from the,room,0.004372755531221628
20,The clothier grabbed a bolt of cloth from the,table,0.04258691146969795
20,The clothier grabbed a bolt of cloth from the,wall,0.3690382242202759
20,The clothier grabbed a bolt of cloth from the,box,0.012224240228533745
20,The clothier grabbed a bolt of cloth from the,store,0.0003246311389375478
20,The clothier grabbed a bolt of cloth from the,display,8.045972936088219e-05
20,The clothier grabbed a bolt of cloth from the,counter,0.002528356621041894
20,The clothier grabbed a bolt of cloth from the,roll,5.8005167375085875e-05
20,The clothier grabbed a bolt of cloth from the,wheel,0.0004052712756674737
20,The clothier grabbed a bolt of cloth from the,cabinet,0.006054410710930824
20,The clothier grabbed a bolt of cloth from the,storage,3.17493686452508e-05
20,The clothier grabbed a bolt of cloth from the,bin,0.0007124379044398665
20,The clothier grabbed a bolt of cloth from the,shed,0.0018289355793967843
20,The clothier grabbed a bolt of cloth from the,pile,0.035768598318099976
20,The clothier grabbed a bolt of cloth from the,closet,0.0016087251715362072
20,The clothier grabbed a bolt of cloth from the,stack,0.0032138547394424677
20,The clothier grabbed a bolt of cloth from the,shelf,0.008258203975856304
20,The clothier grabbed a bolt of cloth from the,rack,0.016169333830475807
21,The reckless driver drove too quickly around the,street,0.002496127039194107
21,The reckless driver drove too quickly around the,turn,0.010146955959498882
21,The reckless driver drove too quickly around the,corner,0.14239346981048584
21,The reckless driver drove too quickly around the,sign,1.4016298337082844e-05
21,The reckless driver drove too quickly around the,block,0.0255044586956501
21,The reckless driver drove too quickly around the,circle,0.01097528450191021
21,The reckless driver drove too quickly around the,curve,0.20643791556358337
21,The reckless driver drove too quickly around the,bend,0.02132878080010414
21,The reckless driver drove too quickly around the,ledge,7.553837804152863e-06
21,The reckless driver drove too quickly around the,roundabout,0.0008308256510645151
22,The girls made beautiful designs on the street with,paper,0.011643878184258938
22,The girls made beautiful designs on the street with,flowers,0.02076040767133236
22,The girls made beautiful designs on the street with,pride,0.0014544184086844325
22,The girls made beautiful designs on the street with,paint,0.0186622217297554
22,The girls made beautiful designs on the street with,fabric,0.007573529612272978
22,The girls made beautiful designs on the street with,posters,0.00030389026505872607
22,The girls made beautiful designs on the street with,chalk,0.015759244561195374
23,Tom was told that this particular plant was a,large,0.00031364429742097855
23,Tom was told that this particular plant was a,green,0.00010590508463792503
23,Tom was told that this particular plant was a,rose,0.0002181923046009615
23,Tom was told that this particular plant was a,annual,1.639788536067499e-07
23,Tom was told that this particular plant was a,tree,0.002072628354653716
23,Tom was told that this particular plant was a,prize,0.00019395508570596576
23,Tom was told that this particular plant was a,drug,0.0007783768814988434
23,Tom was told that this particular plant was a,rare,0.0003890436782967299
23,Tom was told that this particular plant was a,dangerous,0.00018369431199971586
23,Tom was told that this particular plant was a,failure,0.016548680141568184
23,Tom was told that this particular plant was a,beauty,0.00046382498112507164
23,Tom was told that this particular plant was a,dirty,1.3893518371332902e-06
23,Tom was told that this particular plant was a,flower,6.684983236482367e-05
23,Tom was told that this particular plant was a,bitter,5.251255515759112e-06
23,Tom was told that this particular plant was a,hybrid,0.013887307606637478
23,Tom was told that this particular plant was a,mum,9.372948284180893e-07
23,Tom was told that this particular plant was a,possessions,1.1896897689211983e-08
23,Tom was told that this particular plant was a,bean,1.4575738532585092e-05
23,Tom was told that this particular plant was a,perennial,0.00015259585052262992
23,Tom was told that this particular plant was a,hazard,0.00037889121449552476
23,Tom was told that this particular plant was a,shrub,0.00046049003140069544
23,Tom was told that this particular plant was a,gem,0.00032623723382130265
23,Tom was told that this particular plant was a,clone,0.011550934985280037
23,Tom was told that this particular plant was a,weed,0.001307457103393972
23,Tom was told that this particular plant was a,fern,3.5503151138982503e-06
23,Tom was told that this particular plant was a,poisonous,8.707369852345437e-05
23,Tom was told that this particular plant was a,cactus,5.7598488638177514e-05
24,You could be seriously injured by a horse,race,0.012185055762529373
24,You could be seriously injured by a horse,running,0.0002983480226248503
24,You could be seriously injured by a horse,attack,0.01778060756623745
24,You could be seriously injured by a horse,fall,0.18685461580753326
24,You could be seriously injured by a horse,foot,5.084495114715537e-06
24,You could be seriously injured by a horse,leg,3.6283177905716e-05
24,You could be seriously injured by a horse,accident,0.11474895477294922
24,You could be seriously injured by a horse,jump,0.002176920184865594
24,You could be seriously injured by a horse,kick,0.009362290613353252
24,You could be seriously injured by a horse,bite,0.005255857482552528
24,You could be seriously injured by a horse,wagon,0.0004615827929228544
24,You could be seriously injured by a horse,shoe,0.0008016977808438241
24,You could be seriously injured by a horse,cart,0.002253843005746603
24,You could be seriously injured by a horse,charging,0.0008075495134107769
24,You could be seriously injured by a horse,huff,1.1700724655838712e-07
25,As Aiden aged, he began to lose his,mind,0.006453867070376873
25,As Aiden aged, he began to lose his,hair,0.027097035199403763
25,As Aiden aged, he began to lose his,energy,0.00669467868283391
25,As Aiden aged, he began to lose his,youth,0.004241046495735645
25,As Aiden aged, he began to lose his,looks,0.0006126833031885326
25,As Aiden aged, he began to lose his,fear,0.0017604241147637367
25,As Aiden aged, he began to lose his,memory,0.008879104629158974
25,As Aiden aged, he began to lose his,strength,0.10672595351934433
25,As Aiden aged, he began to lose his,teeth,0.0017143974546343088
25,As Aiden aged, he began to lose his,vision,0.0009421092108823359
25,As Aiden aged, he began to lose his,hearing,0.004925032611936331
25,As Aiden aged, he began to lose his,smell,5.6433047575410455e-05
25,As Aiden aged, he began to lose his,appeal,0.006102501880377531
25,As Aiden aged, he began to lose his,balance,0.0006687031127512455
25,As Aiden aged, he began to lose his,fat,0.00011795157479355112
25,As Aiden aged, he began to lose his,humor,0.001553442794829607
25,As Aiden aged, he began to lose his,temper,0.023194193840026855
25,As Aiden aged, he began to lose his,innocence,0.0014239242300391197
26,The horse broke the fence by kicking out his,way,9.201121429214254e-05
26,The horse broke the fence by kicking out his,door,1.4206540981831495e-05
26,The horse broke the fence by kicking out his,feet,0.019506826996803284
26,The horse broke the fence by kicking out his,post,3.2503269267181167e-06
26,The horse broke the fence by kicking out his,legs,0.21810732781887054
26,The horse broke the fence by kicking out his,gate,8.237495057983324e-05
26,The horse broke the fence by kicking out his,pen,1.0392607691755984e-05
26,The horse broke the fence by kicking out his,fence,1.3442584531730972e-05
26,The horse broke the fence by kicking out his,dish,1.301468017800289e-07
26,The horse broke the fence by kicking out his,shoe,0.0029093914199620485
26,The horse broke the fence by kicking out his,saddle,1.4600861504732165e-05
26,The horse broke the fence by kicking out his,stall,1.493156833021203e-05
26,The horse broke the fence by kicking out his,harness,2.5753306545084342e-06
26,The horse broke the fence by kicking out his,reigns,0.00010470977576915175
26,The horse broke the fence by kicking out his,hooves,0.42211949825286865
27,After a long workday, Jack was excited to,party,0.0019723335281014442
27,After a long workday, Jack was excited to,play,0.011662973091006279
27,After a long workday, Jack was excited to,run,0.00042191066313534975
27,After a long workday, Jack was excited to,stop,0.0008709206013008952
27,After a long workday, Jack was excited to,leave,0.28320977091789246
27,After a long workday, Jack was excited to,rest,0.0003094781714025885
27,After a long workday, Jack was excited to,dance,0.0006834199884906411
27,After a long workday, Jack was excited to,sleep,0.005492410622537136
27,After a long workday, Jack was excited to,drink,2.2007314328220673e-05
27,After a long workday, Jack was excited to,exercise,4.755742702400312e-05
27,After a long workday, Jack was excited to,quit,0.004029178060591221
27,After a long workday, Jack was excited to,relax,0.003410991979762912
27,After a long workday, Jack was excited to,swim,2.9307328077265993e-05
27,After a long workday, Jack was excited to,chill,6.745102837157901e-06
27,After a long workday, Jack was excited to,nap,4.375358184915967e-05
28,Daniel loved Annie and couldn't help but,do,7.734679820714518e-05
28,Daniel loved Annie and couldn't help but,think,0.0008184161270037293
28,Daniel loved Annie and couldn't help but,say,5.3427469538291916e-05
28,Daniel loved Annie and couldn't help but,tell,6.590746488654986e-05
28,Daniel loved Annie and couldn't help but,feel,0.00034069549292325974
28,Daniel loved Annie and couldn't help but,care,0.00443608220666647
28,Daniel loved Annie and couldn't help but,smile,0.8689852356910706
28,Daniel loved Annie and couldn't help but,watch,0.0005396673223003745
28,Daniel loved Annie and couldn't help but,gaze,4.914546934742248e-06
28,Daniel loved Annie and couldn't help but,dream,8.193469511752483e-06
28,Daniel loved Annie and couldn't help but,wonder,0.0012311897007748485
28,Daniel loved Annie and couldn't help but,worry,0.00772250397130847
28,Daniel loved Annie and couldn't help but,laugh,0.05822581797838211
28,Daniel loved Annie and couldn't help but,cry,0.0022100312635302544
28,Daniel loved Annie and couldn't help but,agree,0.007335259113460779
28,Daniel loved Annie and couldn't help but,stare,0.0005685375072062016
28,Daniel loved Annie and couldn't help but,beam,1.92889419849962e-05
28,Daniel loved Annie and couldn't help but,moan,1.0644200301612727e-05
28,Daniel loved Annie and couldn't help but,propose,5.428376425697934e-06
28,Daniel loved Annie and couldn't help but,blush,0.0002998060081154108
28,Daniel loved Annie and couldn't help but,admire,0.00021275047038216144
29,The sailor entered the deck after lifting the door's,off,6.226793630048633e-06
29,The sailor entered the deck after lifting the door's,side,0.0005135765532031655
29,The sailor entered the deck after lifting the door's,open,0.0015762618277221918
29,The sailor entered the deck after lifting the door's,opening,0.0015053250826895237
29,The sailor entered the deck after lifting the door's,window,0.005011901259422302
29,The sailor entered the deck after lifting the door's,screen,0.0010646141599863768
29,The sailor entered the deck after lifting the door's,gate,0.0002094197552651167
29,The sailor entered the deck after lifting the door's,frame,0.00107741414103657
29,The sailor entered the deck after lifting the door's,handle,0.015052110888063908
29,The sailor entered the deck after lifting the door's,lock,0.016454625874757767
29,The sailor entered the deck after lifting the door's,hull,5.183336270420114e-06
29,The sailor entered the deck after lifting the door's,bolt,0.008702442981302738
29,The sailor entered the deck after lifting the door's,curtain,0.000733035383746028
29,The sailor entered the deck after lifting the door's,hatch,0.00439277570694685
29,The sailor entered the deck after lifting the door's,clutch,9.275006505049532e-07
29,The sailor entered the deck after lifting the door's,mast,1.059841724782018e-05
29,The sailor entered the deck after lifting the door's,lever,0.0033576509449630976
29,The sailor entered the deck after lifting the door's,knob,0.0005246742512099445
29,The sailor entered the deck after lifting the door's,latch,0.8142850399017334
30,Allison did not like her husband calling her,out,0.004364807158708572
30,Allison did not like her husband calling her,often,3.508723239065148e-05
30,Allison did not like her husband calling her,woman,0.00040193041786551476
30,Allison did not like her husband calling her,mean,0.00014325320080388337
30,Allison did not like her husband calling her,baby,0.07156644761562347
30,Allison did not like her husband calling her,names,0.3020886182785034
30,Allison did not like her husband calling her,mom,0.005287651438266039
30,Allison did not like her husband calling her,slow,7.649735925951973e-05
30,Allison did not like her husband calling her,princess,0.0016664249124005437
30,Allison did not like her husband calling her,stupid,0.0016115078469738364
30,Allison did not like her husband calling her,fat,0.0015587217640131712
30,Allison did not like her husband calling her,honey,0.011122066527605057
30,Allison did not like her husband calling her,ugly,0.0021026504691690207
30,Allison did not like her husband calling her,controlling,2.6042320300234678e-08
30,Allison did not like her husband calling her,suspicious,6.899063919263426e-06
30,Allison did not like her husband calling her,babe,0.014718404039740562
30,Allison did not like her husband calling her,boring,2.23595980060054e-05
30,Allison did not like her husband calling her,sweetheart,0.006668809335678816
30,Allison did not like her husband calling her,rude,5.4666077630827203e-05
30,Allison did not like her husband calling her,dumb,9.605794912204146e-05
30,Allison did not like her husband calling her,lazy,8.989584785012994e-06
30,Allison did not like her husband calling her,bunny,0.0011086564045399427
30,Allison did not like her husband calling her,whore,0.0015666248509660363
30,Allison did not like her husband calling her,sweetie,0.0005737222963944077
30,Allison did not like her husband calling her,pumpkin,0.00010065289825433865
31,The impatient man kept glancing at his,car,9.06577679415932e-06
31,The impatient man kept glancing at his,wife,0.0004418277239892632
31,The impatient man kept glancing at his,phone,0.005221827886998653
31,The impatient man kept glancing at his,watch,0.9654635787010193
32,The treasure chest didn't close because of a broken,glass,0.0017144522862508893
32,The treasure chest didn't close because of a broken,handle,0.011273184791207314
32,The treasure chest didn't close because of a broken,lock,0.4382878541946411
32,The treasure chest didn't close because of a broken,lid,0.014772281050682068
32,The treasure chest didn't close because of a broken,clasp,0.11811858415603638
32,The treasure chest didn't close because of a broken,latch,0.0968763530254364
33,Looking for local beer, people walked to the,festival,0.0001213025170727633
33,Looking for local beer, people walked to the,market,0.018048014491796494
33,Looking for local beer, people walked to the,bar,0.3302290141582489
33,Looking for local beer, people walked to the,store,0.015486137941479683
33,Looking for local beer, people walked to the,shore,0.0005572499940171838
33,Looking for local beer, people walked to the,pub,0.1626654416322708
33,Looking for local beer, people walked to the,brewery,0.07362470030784607
33,Looking for local beer, people walked to the,tavern,0.011789469979703426
33,Looking for local beer, people walked to the,distributor,3.4366273666819325e-06
33,Looking for local beer, people walked to the,boardwalk,0.00033832315239124
34,Isaiah loved to see the wild eagles,flying,0.003846044186502695
34,Isaiah loved to see the wild eagles,wings,0.00011400048970244825
34,Isaiah loved to see the wild eagles,fly,0.002823594491928816
34,Isaiah loved to see the wild eagles,nest,5.2486029744613916e-05
34,Isaiah loved to see the wild eagles,feathers,1.880250420072116e-05
34,Isaiah loved to see the wild eagles,nests,8.722563507035375e-06
35,After the marathon, Kelly dined at a buffet to,go,7.523716340074316e-05
35,After the marathon, Kelly dined at a buffet to,rest,0.0042639002203941345
35,After the marathon, Kelly dined at a buffet to,content,3.9214037883539277e-07
35,After the marathon, Kelly dined at a buffet to,eat,0.023598741739988327
35,After the marathon, Kelly dined at a buffet to,celebrate,0.4081272482872009
35,After the marathon, Kelly dined at a buffet to,recover,0.015485807321965694
35,After the marathon, Kelly dined at a buffet to,relax,0.4737570285797119
35,After the marathon, Kelly dined at a buffet to,gorge,1.961726047738921e-05
36,The men wanted to fish but they had no,line,8.227500802604482e-05
36,The men wanted to fish but they had no,money,0.2956608831882477
36,The men wanted to fish but they had no,choice,0.09639332443475723
36,The men wanted to fish but they had no,fish,0.010164927691221237
36,The men wanted to fish but they had no,boat,0.018185187131166458
36,The men wanted to fish but they had no,skills,0.00020048749865964055
36,The men wanted to fish but they had no,pan,7.0005212364776526e-06
36,The men wanted to fish but they had no,license,0.0029929042793810368
36,The men wanted to fish but they had no,hurry,3.307747101644054e-05
36,The men wanted to fish but they had no,poles,0.00036794866900891066
36,The men wanted to fish but they had no,tackle,0.00015438551781699061
36,The men wanted to fish but they had no,salmon,0.00013925126404501498
36,The men wanted to fish but they had no,worms,6.41918904875638e-06
36,The men wanted to fish but they had no,nets,0.0031991619616746902
36,The men wanted to fish but they had no,bait,0.00040108896791934967
36,The men wanted to fish but they had no,cod,3.544575156411156e-05
36,The men wanted to fish but they had no,rods,1.7719892639433965e-05
37,Becca was disappointed that the free trip was a,lost,4.178624294581823e-06
37,Becca was disappointed that the free trip was a,ride,1.380997127853334e-05
37,Becca was disappointed that the free trip was a,lie,0.010970080271363258
37,Becca was disappointed that the free trip was a,failure,0.12299114465713501
37,Becca was disappointed that the free trip was a,weekend,0.0004315389960538596
37,Becca was disappointed that the free trip was a,waste,0.0665682852268219
37,Becca was disappointed that the free trip was a,disaster,0.01227396260946989
37,Becca was disappointed that the free trip was a,cancelled,4.798795544047607e-06
37,Becca was disappointed that the free trip was a,joke,0.02585820108652115
37,Becca was disappointed that the free trip was a,fake,0.0008465593564324081
37,Becca was disappointed that the free trip was a,bore,0.0007423587958328426
37,Becca was disappointed that the free trip was a,cruise,0.00015816798259038478
37,Becca was disappointed that the free trip was a,fraud,0.0006539432797580957
37,Becca was disappointed that the free trip was a,canceled,9.840293387242127e-06
37,Becca was disappointed that the free trip was a,bust,0.06269264221191406
37,Becca was disappointed that the free trip was a,sham,0.009805488400161266
37,Becca was disappointed that the free trip was a,ruse,0.0008707190863788128
37,Becca was disappointed that the free trip was a,rouse,4.3142887307112687e-07
37,Becca was disappointed that the free trip was a,hoax,0.0028069119434803724
37,Becca was disappointed that the free trip was a,flop,0.020270008593797684
