sentence_number,sentence,word,llama_log_prob
1,'He hated bees and feared encountering a',hive,-2.852555751800537
1,'He hated bees and feared encountering a',swarm,-1.2268787622451782
1,'He hated bees and feared encountering a',bee,-2.703547954559326
1,'He hated bees and feared encountering a',nest,-4.047616481781006
1,'He hated bees and feared encountering a',wasp,-2.689152102917433
1,'He hated bees and feared encountering a',beehive,-5.515282360604033
1,'He hated bees and feared encountering a',sting,-2.878936290740967
1,'He hated bees and feared encountering a',stinger,-4.67187237739563
1,'He hated bees and feared encountering a',hornet,-3.682014487683773
1,'He hated bees and feared encountering a',disease,-8.421263694763184
1,'He hated bees and feared encountering a',yellowjacket,-8.227975844871253
2,'Grace laughed when he referred to her as a',girl,-3.738563299179077
2,'Grace laughed when he referred to her as a',lady,-5.603161811828613
2,'Grace laughed when he referred to her as a',diva,-8.35830743610859
2,'Grace laughed when he referred to her as a',clown,-8.150996208190918
2,'Grace laughed when he referred to her as a',prude,-8.66795402765274
2,'Grace laughed when he referred to her as a',doll,-7.482913970947266
2,'Grace laughed when he referred to her as a',princess,-5.07274055480957
2,'Grace laughed when he referred to her as a',boy,-5.315210342407227
2,'Grace laughed when he referred to her as a',child,-4.482555389404297
2,'Grace laughed when he referred to her as a',friend,-5.222099304199219
2,'Grace laughed when he referred to her as a',bimbo,-8.892590206116438
2,'Grace laughed when he referred to her as a',star,-7.910526275634766
2,'Grace laughed when he referred to her as a',hooker,-7.318884711712599
2,'Grace laughed when he referred to her as a',slut,-5.831537246704102
2,'Grace laughed when he referred to her as a',feminist,-7.309401512145996
2,'Grace laughed when he referred to her as a',woman,-4.271484375
2,'Grace laughed when he referred to her as a',sissy,-7.320556640625
2,'Grace laughed when he referred to her as a',kid,-6.032228469848633
2,'Grace laughed when he referred to her as a',actress,-11.903018951416016
2,'Grace laughed when he referred to her as a',wizard,-8.485529899597168
2,'Grace laughed when he referred to her as a',dork,-7.978785157203674
2,'Grace laughed when he referred to her as a',stinky,-10.566332817077637
2,'Grace laughed when he referred to her as a',male,-8.131062507629395
2,'Grace laughed when he referred to her as a',relative,-8.628205299377441
2,'Grace laughed when he referred to her as a',twit,-9.171209752559662
2,'Grace laughed when he referred to her as a',harpy,-9.26495110988617
2,'Grace laughed when he referred to her as a',baby,-5.411623001098633
2,'Grace laughed when he referred to her as a',lush,-9.253355026245117
2,'Grace laughed when he referred to her as a',teacher,-6.619279861450195
2,'Grace laughed when he referred to her as a',minx,-8.429136723279953
2,'Grace laughed when he referred to her as a',beautiful,-6.391249656677246
2,'Grace laughed when he referred to her as a',nuthead,-14.050239086151123
2,'Grace laughed when he referred to her as a',monkey,-7.4175825119018555
2,'Grace laughed when he referred to her as a',bully,-8.201435089111328
2,'Grace laughed when he referred to her as a',witch,-5.152242660522461
2,'Grace laughed when he referred to her as a',jerk,-8.68577766418457
2,'Grace laughed when he referred to her as a',donkey,-9.136380553245544
2,'Grace laughed when he referred to her as a',spinster,-7.414047032594681
2,'Grace laughed when he referred to her as a',loser,-7.24836540222168
2,'Grace laughed when he referred to her as a',girly girl,-8.140920013189316
2,'Grace laughed when he referred to her as a',wench,-7.974299192428589
2,'Grace laughed when he referred to her as a',ass,-13.588485717773438
2,'Grace laughed when he referred to her as a',cheat,-9.409709930419922
2,'Grace laughed when he referred to her as a',chicken,-7.46849250793457
2,'Grace laughed when he referred to her as a',cow,-6.846860885620117
2,'Grace laughed when he referred to her as a',snob,-7.8351258635520935
2,'Grace laughed when he referred to her as a',goddess,-6.483846664428711
2,'Grace laughed when he referred to her as a',puppet,-8.493955612182617
2,'Grace laughed when he referred to her as a',pookie,-13.66538143157959
2,'Grace laughed when he referred to her as a',crazy,-6.777315139770508
2,'Grace laughed when he referred to her as a',idiot,-10.694552421569824
2,'Grace laughed when he referred to her as a',liar,-6.241995811462402
2,'Grace laughed when he referred to her as a',queen,-6.875618934631348
2,'Grace laughed when he referred to her as a',chick,-7.756008148193359
2,'Grace laughed when he referred to her as a',cancer,-9.489835739135742
2,'Grace laughed when he referred to her as a',girlfriend,-7.323883056640625
2,'Grace laughed when he referred to her as a',goof,-9.281875610351562
2,'Grace laughed when he referred to her as a',bird,-6.913125991821289
2,'Grace laughed when he referred to her as a',mom,-7.651451110839844
2,'Grace laughed when he referred to her as a',buffalo,-10.662235260009766
2,'Grace laughed when he referred to her as a',grouch,-9.684532642364502
2,'Grace laughed when he referred to her as a',scamp,-9.880728006362915
2,'Grace laughed when he referred to her as a',hag,-8.333847045898438
2,'Grace laughed when he referred to her as a',simpleton,-6.5207948088645935
3,'The baby's face puckered when she ate something',sour,-3.5199520587921143
3,'The baby's face puckered when she ate something',salty,-5.470145225524902
3,'The baby's face puckered when she ate something',bitter,-4.105900764465332
3,'The baby's face puckered when she ate something',slimy,-8.584788918029517
3,'The baby's face puckered when she ate something',tart,-8.93991470336914
3,'The baby's face puckered when she ate something',sweet,-4.0892534255981445
4,'The beach is the place we will usually',swim,-6.601273059844971
4,'The beach is the place we will usually',go,-1.3535579442977905
4,'The beach is the place we will usually',vacation,-6.34702730178833
4,'The beach is the place we will usually',visit,-3.249678134918213
4,'The beach is the place we will usually',relax,-4.4558186531066895
4,'The beach is the place we will usually',meet,-3.5441670417785645
4,'The beach is the place we will usually',stay,-4.321808338165283
4,'The beach is the place we will usually',sunbathe,-8.340926873817807
4,'The beach is the place we will usually',gather,-4.948971271514893
4,'The beach is the place we will usually',rest,-6.91227388381958
4,'The beach is the place we will usually',tan,-12.429841041564941
4,'The beach is the place we will usually',avoid,-7.879278659820557
4,'The beach is the place we will usually',celebrate,-6.236240863800049
4,'The beach is the place we will usually',like,-6.610409259796143
4,'The beach is the place we will usually',bodysurf,-14.456634368747473
4,'The beach is the place we will usually',walk,-6.102871417999268
4,'The beach is the place we will usually',ch,-10.666402816772461
4,'The beach is the place we will usually',trash,-12.30800724029541
4,'The beach is the place we will usually',picnic,-9.161136627197266
4,'The beach is the place we will usually',park,-7.406343936920166
4,'The beach is the place we will usually',dig,-9.29371452331543
5,'After waiting three hours, Cal whined and started to',cry,-1.2832536697387695
5,'After waiting three hours, Cal whined and started to',complain,-4.705111503601074
5,'After waiting three hours, Cal whined and started to',leave,-4.805544853210449
5,'After waiting three hours, Cal whined and started to',squirm,-5.197416365146637
5,'After waiting three hours, Cal whined and started to',pout,-5.999510228633881
5,'After waiting three hours, Cal whined and started to',fidget,-6.293018698692322
5,'After waiting three hours, Cal whined and started to',yell,-5.810055732727051
5,'After waiting three hours, Cal whined and started to',pace,-4.252650260925293
5,'After waiting three hours, Cal whined and started to',argue,-6.239890098571777
5,'After waiting three hours, Cal whined and started to',weep,-6.794585393741727
5,'After waiting three hours, Cal whined and started to',paw,-6.788673400878906
5,'After waiting three hours, Cal whined and started to',pant,-7.281022071838379
5,'After waiting three hours, Cal whined and started to',twitch,-8.121312141418457
5,'After waiting three hours, Cal whined and started to',sulk,-5.479855968616903
5,'After waiting three hours, Cal whined and started to',fret,-5.741457939147949
5,'After waiting three hours, Cal whined and started to',stomp,-6.154491752386093
5,'After waiting three hours, Cal whined and started to',bark,-4.708870887756348
6,'While watching the funny movie, Kim was overcome with',laughter,-2.7482569217681885
6,'While watching the funny movie, Kim was overcome with',joy,-4.0363922119140625
6,'While watching the funny movie, Kim was overcome with',emotion,-2.8266565799713135
6,'While watching the funny movie, Kim was overcome with',hiccups,-8.942554732784629
6,'While watching the funny movie, Kim was overcome with',giggles,-5.25488206744194
6,'While watching the funny movie, Kim was overcome with',spasms,-9.567167788743973
6,'While watching the funny movie, Kim was overcome with',humor,-7.37684440612793
7,'Hearing noises from above, the confused man inspected the',attic,-4.181718826293945
7,'Hearing noises from above, the confused man inspected the',ceiling,-2.3353993892669678
7,'Hearing noises from above, the confused man inspected the',roof,-2.711353063583374
7,'Hearing noises from above, the confused man inspected the',sky,-2.423227071762085
7,'Hearing noises from above, the confused man inspected the',door,-5.304723739624023
7,'Hearing noises from above, the confused man inspected the',bedroom,-5.223039627075195
7,'Hearing noises from above, the confused man inspected the',worst,-10.87011432647705
7,'Hearing noises from above, the confused man inspected the',stairway,-8.93039083480835
7,'Hearing noises from above, the confused man inspected the',pipes,-8.780611038208008
7,'Hearing noises from above, the confused man inspected the',machine,-7.3315229415893555
7,'Hearing noises from above, the confused man inspected the',kids,-10.580819129943848
7,'Hearing noises from above, the confused man inspected the',vents,-10.318391799926758
7,'Hearing noises from above, the confused man inspected the',fan,-8.436687469482422
7,'Hearing noises from above, the confused man inspected the',source,-5.2099151611328125
7,'Hearing noises from above, the confused man inspected the',stairs,-5.983819961547852
7,'Hearing noises from above, the confused man inspected the',upstairs,-7.0312089920043945
7,'Hearing noises from above, the confused man inspected the',clouds,-6.208490371704102
7,'Hearing noises from above, the confused man inspected the',tree,-4.314418792724609
7,'Hearing noises from above, the confused man inspected the',room,-4.437114715576172
7,'Hearing noises from above, the confused man inspected the',rooftop,-5.465599060058594
7,'Hearing noises from above, the confused man inspected the',area,-4.369714736938477
8,'The restaurants on the west end were very',expensive,-3.829329490661621
8,'The restaurants on the west end were very',posh,-8.58741201274097
8,'The restaurants on the west end were very',crowded,-2.91677188873291
8,'The restaurants on the west end were very',fancy,-7.286520004272461
8,'The restaurants on the west end were very',busy,-2.194779396057129
8,'The restaurants on the west end were very',good,-1.059128761291504
8,'The restaurants on the west end were very',pricey,-5.1251325607299805
8,'The restaurants on the west end were very',nice,-2.544589042663574
8,'The restaurants on the west end were very',noisy,-4.833117485046387
8,'The restaurants on the west end were very',swanky,-8.457479357719421
8,'The restaurants on the west end were very',dirty,-7.076104164123535
8,'The restaurants on the west end were very',clean,-5.025454521179199
8,'The restaurants on the west end were very',chic,-8.641253471374512
8,'The restaurants on the west end were very',best,-10.09347915649414
8,'The restaurants on the west end were very',trendy,-6.366533279418945
8,'The restaurants on the west end were very',hot,-6.791272163391113
8,'The restaurants on the west end were very',wonderful,-7.251360893249512
8,'The restaurants on the west end were very',extravagant,-10.303630828857422
8,'The restaurants on the west end were very',cheap,-6.9449052810668945
8,'The restaurants on the west end were very',loud,-5.638091087341309
8,'The restaurants on the west end were very',old,-7.663247108459473
8,'The restaurants on the west end were very',dry,-8.796894073486328
8,'The restaurants on the west end were very',elegant,-8.274369239807129
8,'The restaurants on the west end were very',classy,-7.539759635925293
8,'The restaurants on the west end were very',high end,-8.80785846710205
8,'The restaurants on the west end were very',sparse,-8.378315925598145
8,'The restaurants on the west end were very',upscale,-7.243552207946777
8,'The restaurants on the west end were very',luxurious,-9.175069808959961
9,'Tim was very tired, so he was difficult to',understand,-4.363675594329834
9,'Tim was very tired, so he was difficult to',wake,-2.680032253265381
9,'Tim was very tired, so he was difficult to',control,-4.632283687591553
9,'Tim was very tired, so he was difficult to',hear,-6.559503078460693
9,'Tim was very tired, so he was difficult to',tolerate,-9.440196990966797
9,'Tim was very tired, so he was difficult to',handle,-3.168710231781006
9,'Tim was very tired, so he was difficult to',entertain,-4.521825313568115
9,'Tim was very tired, so he was difficult to',manage,-3.719417095184326
9,'Tim was very tired, so he was difficult to',please,-3.183244228363037
9,'Tim was very tired, so he was difficult to',soothe,-8.00602664105827
9,'Tim was very tired, so he was difficult to',rouse,-5.329307820647955
9,'Tim was very tired, so he was difficult to',arouse,-5.3540185650927015
9,'Tim was very tired, so he was difficult to',see,-5.970975399017334
9,'Tim was very tired, so he was difficult to',engage,-5.863027095794678
9,'Tim was very tired, so he was difficult to',work,-2.5785117149353027
9,'Tim was very tired, so he was difficult to',convince,-4.290381908416748
9,'Tim was very tired, so he was difficult to',placate,-8.878441344946623
9,'Tim was very tired, so he was difficult to',confront,-9.825326919555664
9,'Tim was very tired, so he was difficult to',motivate,-3.915402889251709
9,'Tim was very tired, so he was difficult to',move,-5.469096660614014
9,'Tim was very tired, so he was difficult to',drive,-4.773807048797607
9,'Tim was very tired, so he was difficult to',deal with,-3.3521408839151263
9,'Tim was very tired, so he was difficult to',help,-5.8851141929626465
9,'Tim was very tired, so he was difficult to',read,-4.5435309410095215
9,'Tim was very tired, so he was difficult to',calm,-7.1009650230407715
9,'Tim was very tired, so he was difficult to',carry,-6.728911876678467
9,'Tim was very tired, so he was difficult to',talk to,-3.6127342730760574
9,'Tim was very tired, so he was difficult to',enjoy,-8.647616386413574
9,'Tim was very tired, so he was difficult to',relax,-8.77497673034668
9,'Tim was very tired, so he was difficult to',interrogate,-8.759441594593227
9,'Tim was very tired, so he was difficult to',teach,-5.705846309661865
9,'Tim was very tired, so he was difficult to',find,-5.0663065910339355
9,'Tim was very tired, so he was difficult to',endure,-9.929126739501953
9,'Tim was very tired, so he was difficult to',coax,-6.233510494232178
9,'Tim was very tired, so he was difficult to',talk,-3.475642681121826
9,'Tim was very tired, so he was difficult to',concentrate,-6.487821102142334
9,'Tim was very tired, so he was difficult to',visit,-7.0074334144592285
9,'Tim was very tired, so he was difficult to',take,-4.636620998382568
9,'Tim was very tired, so he was difficult to',arouse,-5.3540185650927015
9,'Tim was very tired, so he was difficult to',study,-6.799767971038818
9,'Tim was very tired, so he was difficult to',consult,-8.693476676940918
9,'Tim was very tired, so he was difficult to',excite,-8.504933567717671
10,'Jean was satisfied as her sculpture began to take',shape,-0.5300825834274292
10,'Jean was satisfied as her sculpture began to take',form,-1.4925650358200073
10,'Jean was satisfied as her sculpture began to take',effect,-9.174742698669434
10,'Jean was satisfied as her sculpture began to take',pictures,-14.037330627441406
10,'Jean was satisfied as her sculpture began to take',action,-10.48544692993164
10,'Jean was satisfied as her sculpture began to take',money,-14.766143798828125
10,'Jean was satisfied as her sculpture began to take',glow,-14.191397666931152
10,'Jean was satisfied as her sculpture began to take',off,-7.76093864440918
10,'Jean was satisfied as her sculpture began to take',measurements,-14.167837142944336
10,'Jean was satisfied as her sculpture began to take',life,-4.430683135986328
10,'Jean was satisfied as her sculpture began to take',dry,-12.857534408569336
10,'Jean was satisfied as her sculpture began to take',hold,-6.336555480957031
11,'Pressed for time, Beth made a quick grocery',run,-0.5520997643470764
11,'Pressed for time, Beth made a quick grocery',trip,-2.672142505645752
11,'Pressed for time, Beth made a quick grocery',list,-2.0668835639953613
11,'Pressed for time, Beth made a quick grocery',stop,-2.676140308380127
11,'Pressed for time, Beth made a quick grocery',visit,-6.216217517852783
12,'A village was discovered between the mountains, in a',valley,-1.7121219635009766
12,'A village was discovered between the mountains, in a',cave,-4.070192337036133
12,'A village was discovered between the mountains, in a',ravine,-5.720336278900504
12,'A village was discovered between the mountains, in a',private place,-12.328601837158203
12,'A village was discovered between the mountains, in a',circle,-8.002498626708984
12,'A village was discovered between the mountains, in a',river,-5.572132110595703
12,'A village was discovered between the mountains, in a',cavern,-6.866715431213379
12,'A village was discovered between the mountains, in a',field,-6.353506088256836
12,'A village was discovered between the mountains, in a',nadir,-13.889607653021812
12,'A village was discovered between the mountains, in a',tunnel,-7.012639045715332
12,'A village was discovered between the mountains, in a',community,-7.927890777587891
12,'A village was discovered between the mountains, in a',jungle,-6.061151504516602
12,'A village was discovered between the mountains, in a',gap,-7.38701057434082
12,'A village was discovered between the mountains, in a',foreign,-7.4028730392456055
12,'A village was discovered between the mountains, in a',forest,-3.468109130859375
12,'A village was discovered between the mountains, in a',cliff,-7.543118476867676
12,'A village was discovered between the mountains, in a',town,-5.476823806762695
13,'David lost tug-of-war because he was too tired to',pull,-2.558940887451172
13,'David lost tug-of-war because he was too tired to',play,-3.9168949127197266
13,'David lost tug-of-war because he was too tired to',care,-6.084386825561523
13,'David lost tug-of-war because he was too tired to',fight,-2.107351303100586
13,'David lost tug-of-war because he was too tired to',compete,-3.824930191040039
13,'David lost tug-of-war because he was too tired to',stand,-4.495637893676758
13,'David lost tug-of-war because he was too tired to',give it his best,-8.490711122751236
13,'David lost tug-of-war because he was too tired to',grip,-7.974492073059082
13,'David lost tug-of-war because he was too tired to',weak,-12.817948341369629
14,'The patient was angry for receiving the wrong',medicine,-2.0171728134155273
14,'The patient was angry for receiving the wrong',medication,-2.3609533309936523
14,'The patient was angry for receiving the wrong',diagnosis,-3.156437873840332
14,'The patient was angry for receiving the wrong',treatment,-2.157881736755371
14,'The patient was angry for receiving the wrong',dose,-4.133414268493652
14,'The patient was angry for receiving the wrong',prescription,-3.6624631881713867
14,'The patient was angry for receiving the wrong',pills,-5.161898612976074
14,'The patient was angry for receiving the wrong',drug,-3.7505292892456055
14,'The patient was angry for receiving the wrong',info,-7.865900993347168
14,'The patient was angry for receiving the wrong',cure,-8.337445259094238
14,'The patient was angry for receiving the wrong',dosage,-4.164109230041504
14,'The patient was angry for receiving the wrong',message,-5.804459571838379
14,'The patient was angry for receiving the wrong',number,-5.64798641204834
14,'The patient was angry for receiving the wrong',information,-4.032046318054199
14,'The patient was angry for receiving the wrong',results,-4.916068077087402
14,'The patient was angry for receiving the wrong',lunch,-9.390522003173828
14,'The patient was angry for receiving the wrong',advice,-6.047275543212891
14,'The patient was angry for receiving the wrong',refund,-9.013529777526855
14,'The patient was angry for receiving the wrong',papers,-8.643107414245605
15,'Paige thought the color of the wall was rather',dull,-2.6115822792053223
15,'Paige thought the color of the wall was rather',bland,-3.543886661529541
15,'Paige thought the color of the wall was rather',drab,-2.9222104395739734
15,'Paige thought the color of the wall was rather',boring,-2.801680088043213
15,'Paige thought the color of the wall was rather',bright,-3.874525547027588
15,'Paige thought the color of the wall was rather',ugly,-4.559179782867432
15,'Paige thought the color of the wall was rather',plain,-4.035536289215088
15,'Paige thought the color of the wall was rather',pretty,-4.561647891998291
15,'Paige thought the color of the wall was rather',odd,-3.532015323638916
15,'Paige thought the color of the wall was rather',dark,-3.2271885871887207
15,'Paige thought the color of the wall was rather',loud,-6.247372150421143
15,'Paige thought the color of the wall was rather',inspiring,-7.879518032073975
15,'Paige thought the color of the wall was rather',unique,-5.9542155265808105
15,'Paige thought the color of the wall was rather',cool,-4.666534900665283
15,'Paige thought the color of the wall was rather',dreary,-5.0092768566682935
15,'Paige thought the color of the wall was rather',vibrant,-6.2949910163879395
15,'Paige thought the color of the wall was rather',soothing,-6.625717639923096
15,'Paige thought the color of the wall was rather',institutional,-10.032848358154297
15,'Paige thought the color of the wall was rather',blah,-4.9571919441223145
15,'Paige thought the color of the wall was rather',dry,-8.802877426147461
15,'Paige thought the color of the wall was rather',red,-7.37284517288208
16,'The stockholders meeting started after a short',break,-2.272768974304199
16,'The stockholders meeting started after a short',delay,-3.265143394470215
16,'The stockholders meeting started after a short',recess,-3.0277280807495117
16,'The stockholders meeting started after a short',introduction,-4.318451881408691
16,'The stockholders meeting started after a short',speech,-5.193037986755371
16,'The stockholders meeting started after a short',presentation,-4.263026237487793
16,'The stockholders meeting started after a short',lunch,-4.198367118835449
16,'The stockholders meeting started after a short',video,-6.67753791809082
16,'The stockholders meeting started after a short',prayer,-1.9617605209350586
16,'The stockholders meeting started after a short',time,-3.6539125442504883
16,'The stockholders meeting started after a short',chat,-8.094776153564453
16,'The stockholders meeting started after a short',pause,-5.244753837585449
16,'The stockholders meeting started after a short',breakfast,-6.023611068725586
16,'The stockholders meeting started after a short',wait,-5.470236778259277
16,'The stockholders meeting started after a short',interruption,-8.090819358825684
16,'The stockholders meeting started after a short',fall,-11.036675453186035
16,'The stockholders meeting started after a short',visit,-8.463257789611816
16,'The stockholders meeting started after a short',intermission,-5.377971187233925
16,'The stockholders meeting started after a short',lull,-7.374531767331064
16,'The stockholders meeting started after a short',brief,-8.193411827087402
16,'The stockholders meeting started after a short',nap,-8.772050857543945
16,'The stockholders meeting started after a short',lecture,-8.1273193359375
16,'The stockholders meeting started after a short',announcement,-5.267477989196777
16,'The stockholders meeting started after a short',argument,-10.294940948486328
16,'The stockholders meeting started after a short',reception,-7.8275556564331055
16,'The stockholders meeting started after a short',meeting,-3.0997018814086914
16,'The stockholders meeting started after a short',message,-8.0306396484375
16,'The stockholders meeting started after a short',piece,-10.140157699584961
17,'A gardener, Harry likes to fertilize plants with',manure,-4.089641112834215
17,'A gardener, Harry likes to fertilize plants with',fertilizer,-4.453347206115723
17,'A gardener, Harry likes to fertilize plants with',compost,-2.5824995040893555
17,'A gardener, Harry likes to fertilize plants with',poop,-8.844061851501465
17,'A gardener, Harry likes to fertilize plants with',soil,-6.021257400512695
17,'A gardener, Harry likes to fertilize plants with',dung,-7.412283897399902
17,'A gardener, Harry likes to fertilize plants with',mulch,-6.395741105079651
17,'A gardener, Harry likes to fertilize plants with',dirt,-9.089836120605469
17,'A gardener, Harry likes to fertilize plants with',eggs,-7.337193489074707
17,'A gardener, Harry likes to fertilize plants with',water,-4.527060508728027
17,'A gardener, Harry likes to fertilize plants with',coffee,-5.83311653137207
17,'A gardener, Harry likes to fertilize plants with',tomatoes,-8.312243461608887
17,'A gardener, Harry likes to fertilize plants with',salt,-6.998552322387695
17,'A gardener, Harry likes to fertilize plants with',chemicals,-6.020986557006836
17,'A gardener, Harry likes to fertilize plants with',nitrogen,-4.1125288009643555
17,'A gardener, Harry likes to fertilize plants with',grounds,-11.99498176574707
17,'A gardener, Harry likes to fertilize plants with',pee,-9.591879844665527
17,'A gardener, Harry likes to fertilize plants with',lime,-5.005849838256836
17,'A gardener, Harry likes to fertilize plants with',eggshells,-6.16540595429251
17,'A gardener, Harry likes to fertilize plants with',guano,-6.773907870054245
17,'A gardener, Harry likes to fertilize plants with',spray,-9.282210350036621
17,'A gardener, Harry likes to fertilize plants with',worm juice,-11.1843843460083
17,'A gardener, Harry likes to fertilize plants with',seeds,-7.969902038574219
17,'A gardener, Harry likes to fertilize plants with',sugar,-5.773366928100586
17,'A gardener, Harry likes to fertilize plants with',sand,-6.264016151428223
17,'A gardener, Harry likes to fertilize plants with',tea,-7.11715030670166
17,'A gardener, Harry likes to fertilize plants with',shells,-10.311532020568848
17,'A gardener, Harry likes to fertilize plants with',nitrate,-7.397669076919556
18,'Josie drank a large glass of milk every',day,-1.2508463859558105
18,'Josie drank a large glass of milk every',morning,-0.7811750769615173
18,'Josie drank a large glass of milk every',night,-1.9128565788269043
18,'Josie drank a large glass of milk every',evening,-3.018441677093506
18,'Josie drank a large glass of milk every',hour,-6.048976421356201
19,'Running low on cookies, the bakery needed a new',batch,-4.813887596130371
19,'Running low on cookies, the bakery needed a new',oven,-5.514128684997559
19,'Running low on cookies, the bakery needed a new',baker,-7.108532905578613
19,'Running low on cookies, the bakery needed a new',chef,-8.191282272338867
19,'Running low on cookies, the bakery needed a new',employees,-11.825019836425781
19,'Running low on cookies, the bakery needed a new',dessert,-5.69441032409668
19,'Running low on cookies, the bakery needed a new',recipe,-3.651827573776245
19,'Running low on cookies, the bakery needed a new',dozen,-10.52113151550293
19,'Running low on cookies, the bakery needed a new',promotion,-7.47849178314209
19,'Running low on cookies, the bakery needed a new',item,-6.556220054626465
19,'Running low on cookies, the bakery needed a new',stock,-6.913728713989258
19,'Running low on cookies, the bakery needed a new',mixer,-7.6813812255859375
19,'Running low on cookies, the bakery needed a new',supply,-4.414275169372559
19,'Running low on cookies, the bakery needed a new',shipment,-5.954075813293457
19,'Running low on cookies, the bakery needed a new',cook,-8.624053955078125
19,'Running low on cookies, the bakery needed a new',source,-4.0866899490356445
20,'The clothier grabbed a bolt of cloth from the',shelf,-3.6299936771392822
20,'The clothier grabbed a bolt of cloth from the',rack,-2.8387186527252197
20,'The clothier grabbed a bolt of cloth from the',closet,-3.957746744155884
20,'The clothier grabbed a bolt of cloth from the',back,-2.8109400272369385
20,'The clothier grabbed a bolt of cloth from the',table,-4.170473098754883
20,'The clothier grabbed a bolt of cloth from the',store,-4.0254974365234375
20,'The clothier grabbed a bolt of cloth from the',roll,-6.8261260986328125
20,'The clothier grabbed a bolt of cloth from the',storeroom,-5.0962241240195
20,'The clothier grabbed a bolt of cloth from the',bin,-5.563621520996094
20,'The clothier grabbed a bolt of cloth from the',pile,-2.901336908340454
20,'The clothier grabbed a bolt of cloth from the',room,-5.865966796875
20,'The clothier grabbed a bolt of cloth from the',wheel,-9.09842300415039
20,'The clothier grabbed a bolt of cloth from the',storage,-5.578229904174805
20,'The clothier grabbed a bolt of cloth from the',cabinet,-5.9933929443359375
20,'The clothier grabbed a bolt of cloth from the',reem,-16.239901542663574
20,'The clothier grabbed a bolt of cloth from the',counter,-4.96314811706543
20,'The clothier grabbed a bolt of cloth from the',shed,-6.718557357788086
20,'The clothier grabbed a bolt of cloth from the',spool,-6.071836233139038
20,'The clothier grabbed a bolt of cloth from the',stack,-4.92205810546875
20,'The clothier grabbed a bolt of cloth from the',dryer,-7.398965835571289
20,'The clothier grabbed a bolt of cloth from the',box,-4.891414642333984
20,'The clothier grabbed a bolt of cloth from the',display,-4.573402404785156
20,'The clothier grabbed a bolt of cloth from the',wall,-3.6162264347076416
21,'The reckless driver drove too quickly around the',corner,-1.7938032150268555
21,'The reckless driver drove too quickly around the',bend,-2.4533891677856445
21,'The reckless driver drove too quickly around the',curve,-2.25570011138916
21,'The reckless driver drove too quickly around the',turn,-3.5410261154174805
21,'The reckless driver drove too quickly around the',block,-5.105205535888672
21,'The reckless driver drove too quickly around the',circle,-6.120846748352051
21,'The reckless driver drove too quickly around the',roundabout,-3.8521818593144417
21,'The reckless driver drove too quickly around the',ledge,-11.143168449401855
21,'The reckless driver drove too quickly around the',street,-6.598714828491211
21,'The reckless driver drove too quickly around the',sign,-7.323533058166504
22,'The girls made beautiful designs on the street with',chalk,-3.030967950820923
22,'The girls made beautiful designs on the street with',paint,-4.788376808166504
22,'The girls made beautiful designs on the street with',crayons,-6.211310476064682
22,'The girls made beautiful designs on the street with',paper,-4.317972183227539
22,'The girls made beautiful designs on the street with',flowers,-4.849947929382324
22,'The girls made beautiful designs on the street with',posters,-6.800442695617676
22,'The girls made beautiful designs on the street with',paintcans,-15.202634543180466
22,'The girls made beautiful designs on the street with',pride,-10.121713638305664
22,'The girls made beautiful designs on the street with',fabric,-5.347465515136719
23,'Tom was told that this particular plant was a',fern,-6.778190612792969
23,'Tom was told that this particular plant was a',rose,-6.997563362121582
23,'Tom was told that this particular plant was a',weed,-3.9253246784210205
23,'Tom was told that this particular plant was a',poisonous,-5.81497859954834
23,'Tom was told that this particular plant was a',perennial,-4.330161094665527
23,'Tom was told that this particular plant was a',rare,-4.017861366271973
23,'Tom was told that this particular plant was a',cactus,-6.163323819637299
23,'Tom was told that this particular plant was a',hybrid,-4.527313232421875
23,'Tom was told that this particular plant was a',succulent,-5.729005515575409
23,'Tom was told that this particular plant was a',ficus,-8.796163897961378
23,'Tom was told that this particular plant was a',venus fly trap,-11.93345095962286
23,'Tom was told that this particular plant was a',hibiscus,-8.386056271381676
23,'Tom was told that this particular plant was a',rarity,-6.144110679626465
23,'Tom was told that this particular plant was a',flower,-6.3714494705200195
23,'Tom was told that this particular plant was a',geranium,-8.015002131462097
23,'Tom was told that this particular plant was a',peony,-9.11818253993988
23,'Tom was told that this particular plant was a',mandrake,-10.645456824451685
23,'Tom was told that this particular plant was a',green,-8.657962799072266
23,'Tom was told that this particular plant was a',prize,-7.27335262298584
23,'Tom was told that this particular plant was a',nice one,-9.4044349193573
23,'Tom was told that this particular plant was a',bitter,-8.719738006591797
23,'Tom was told that this particular plant was a',petunia,-8.21146434545517
23,'Tom was told that this particular plant was a',drug,-8.459322929382324
23,'Tom was told that this particular plant was a',dangerous,-6.602852821350098
23,'Tom was told that this particular plant was a',failure,-8.299511909484863
23,'Tom was told that this particular plant was a',toxic one,-7.955727219581604
23,'Tom was told that this particular plant was a',young one,-10.282705783843994
23,'Tom was told that this particular plant was a',possessions,-18.514925003051758
23,'Tom was told that this particular plant was a',shrub,-5.815364025533199
23,'Tom was told that this particular plant was a',mum,-10.391497611999512
23,'Tom was told that this particular plant was a',gem,-8.406961441040039
23,'Tom was told that this particular plant was a',carnivore,-6.571652472019196
23,'Tom was told that this particular plant was a',tulip,-8.75091964751482
23,'Tom was told that this particular plant was a',bean,-9.81132984161377
23,'Tom was told that this particular plant was a',onimental,-24.943244457244873
23,'Tom was told that this particular plant was a',dahlia,-9.547804462723434
23,'Tom was told that this particular plant was a',annual,-10.825665473937988
23,'Tom was told that this particular plant was a',beauty,-7.439046859741211
23,'Tom was told that this particular plant was a',snapdragon,-9.50062045454979
23,'Tom was told that this particular plant was a',clone,-6.197291374206543
23,'Tom was told that this particular plant was a',loner,-10.528279781341553
23,'Tom was told that this particular plant was a',large,-6.31972599029541
23,'Tom was told that this particular plant was a',rhododendrum,-14.249159463099204
23,'Tom was told that this particular plant was a',hazard,-7.519750595092773
23,'Tom was told that this particular plant was a',dirty,-11.52612590789795
23,'Tom was told that this particular plant was a',tree,-6.271832466125488
24,'You could be seriously injured by a horse',kick,-6.638636589050293
24,'You could be seriously injured by a horse',hoof,-8.27713680267334
24,'You could be seriously injured by a horse',fall,-6.280525207519531
24,'You could be seriously injured by a horse',accident,-3.8860366344451904
24,'You could be seriously injured by a horse',jump,-8.040850639343262
24,'You could be seriously injured by a horse',throwing you,-9.946728467941284
24,'You could be seriously injured by a horse',bite,-6.7151994705200195
24,'You could be seriously injured by a horse',bucking,-8.364415764808655
24,'You could be seriously injured by a horse',foot,-8.372912406921387
24,'You could be seriously injured by a horse',leg,-9.202411651611328
24,'You could be seriously injured by a horse',running,-6.404051780700684
24,'You could be seriously injured by a horse',race,-7.31668758392334
24,'You could be seriously injured by a horse',cart,-8.444109916687012
24,'You could be seriously injured by a horse',attack,-6.634736061096191
24,'You could be seriously injured by a horse',huff,-16.26947593688965
24,'You could be seriously injured by a horse',charging,-11.527600288391113
24,'You could be seriously injured by a horse',trampling,-7.347576163709164
24,'You could be seriously injured by a horse',shoe,-6.546383857727051
24,'You could be seriously injured by a horse','s kick,-12.769319593906403
24,'You could be seriously injured by a horse',wagon,-9.92470645904541
25,'As Aiden aged, he began to lose his',hair,-2.6069178581237793
25,'As Aiden aged, he began to lose his',eyesight,-3.781173058087006
25,'As Aiden aged, he began to lose his',mind,-4.7751383781433105
25,'As Aiden aged, he began to lose his',memory,-2.705543041229248
25,'As Aiden aged, he began to lose his',teeth,-3.2560954093933105
25,'As Aiden aged, he began to lose his',fat,-10.39212417602539
25,'As Aiden aged, he began to lose his',looks,-7.714894771575928
25,'As Aiden aged, he began to lose his',vision,-4.1567912101745605
25,'As Aiden aged, he began to lose his',strength,-4.773313045501709
25,'As Aiden aged, he began to lose his',temper,-5.7212815284729
25,'As Aiden aged, he began to lose his',innocence,-4.49667501449585
25,'As Aiden aged, he began to lose his',fear,-5.931698322296143
25,'As Aiden aged, he began to lose his',bravado,-9.281299982219934
25,'As Aiden aged, he began to lose his',balance,-5.425769329071045
25,'As Aiden aged, he began to lose his',smell,-7.983808994293213
25,'As Aiden aged, he began to lose his',hearing,-3.1494059562683105
25,'As Aiden aged, he began to lose his',energy,-6.311103343963623
25,'As Aiden aged, he began to lose his',humor,-8.946226119995117
25,'As Aiden aged, he began to lose his',youth,-7.000342845916748
25,'As Aiden aged, he began to lose his',appeal,-8.007734298706055
25,'As Aiden aged, he began to lose his',luster,-8.006074875593185
26,'The horse broke the fence by kicking out his',legs,-3.4156999588012695
26,'The horse broke the fence by kicking out his',feet,-4.306153297424316
26,'The horse broke the fence by kicking out his',stall,-5.0184125900268555
26,'The horse broke the fence by kicking out his',hooves,-4.729697078466415
26,'The horse broke the fence by kicking out his',gate,-6.86618709564209
26,'The horse broke the fence by kicking out his',hoof,-3.377840995788574
26,'The horse broke the fence by kicking out his',door,-7.285045623779297
26,'The horse broke the fence by kicking out his',shoe,-5.584593772888184
26,'The horse broke the fence by kicking out his',reigns,-11.654898315668106
26,'The horse broke the fence by kicking out his',back legs,-5.382621645927429
26,'The horse broke the fence by kicking out his',hindlegs,-5.391351580619812
26,'The horse broke the fence by kicking out his',saddle,-6.853264808654785
26,'The horse broke the fence by kicking out his',fence,-8.013124465942383
26,'The horse broke the fence by kicking out his',slats,-12.403870344161987
26,'The horse broke the fence by kicking out his',harness,-7.884047508239746
26,'The horse broke the fence by kicking out his',pen,-10.829001426696777
26,'The horse broke the fence by kicking out his',way,-5.2458391189575195
26,'The horse broke the fence by kicking out his',dish,-14.908899307250977
26,'The horse broke the fence by kicking out his',post,-9.205451011657715
27,'After a long workday, Jack was excited to',relax,-3.212031126022339
27,'After a long workday, Jack was excited to',leave,-6.020451545715332
27,'After a long workday, Jack was excited to',sleep,-5.572461128234863
27,'After a long workday, Jack was excited to',rest,-6.044796943664551
27,'After a long workday, Jack was excited to',chill,-6.367955207824707
27,'After a long workday, Jack was excited to',go home,-3.7262248396873474
27,'After a long workday, Jack was excited to',exercise,-9.666773796081543
27,'After a long workday, Jack was excited to',quit,-9.458959579467773
27,'After a long workday, Jack was excited to',drink,-7.738602638244629
27,'After a long workday, Jack was excited to',unwind,-4.331543922424316
27,'After a long workday, Jack was excited to',party,-9.450100898742676
27,'After a long workday, Jack was excited to',swim,-8.442235946655273
27,'After a long workday, Jack was excited to',nap,-9.159550666809082
27,'After a long workday, Jack was excited to',stop,-5.407784461975098
27,'After a long workday, Jack was excited to',be home,-4.607704758644104
27,'After a long workday, Jack was excited to',clock out,-9.131642401218414
27,'After a long workday, Jack was excited to',run,-6.117230415344238
27,'After a long workday, Jack was excited to',play,-4.402886390686035
27,'After a long workday, Jack was excited to',dance,-9.211507797241211
28,'Daniel loved Annie and couldn't help but',smile,-4.560717582702637
28,'Daniel loved Annie and couldn't help but',cry,-5.717028617858887
28,'Daniel loved Annie and couldn't help but',stare,-4.796767234802246
28,'Daniel loved Annie and couldn't help but',care,-5.859519004821777
28,'Daniel loved Annie and couldn't help but',propose,-8.236762046813965
28,'Daniel loved Annie and couldn't help but',blush,-7.232932090759277
28,'Daniel loved Annie and couldn't help but',swoon,-7.098412225954235
28,'Daniel loved Annie and couldn't help but',wonder,-2.8217270374298096
28,'Daniel loved Annie and couldn't help but',gush,-7.094770908355713
28,'Daniel loved Annie and couldn't help but',laugh,-6.071850776672363
28,'Daniel loved Annie and couldn't help but',admire,-4.2728986740112305
28,'Daniel loved Annie and couldn't help but',worry,-4.825392723083496
28,'Daniel loved Annie and couldn't help but',beam,-9.182682037353516
28,'Daniel loved Annie and couldn't help but',feel,-2.8896706104278564
28,'Daniel loved Annie and couldn't help but',do,-5.470887184143066
28,'Daniel loved Annie and couldn't help but',think,-2.4947807788848877
28,'Daniel loved Annie and couldn't help but',be happy,-6.4127280712127686
28,'Daniel loved Annie and couldn't help but',gleem,-17.35299587249756
28,'Daniel loved Annie and couldn't help but',watch,-4.0695295333862305
28,'Daniel loved Annie and couldn't help but',kiss her,-5.624267138540745
28,'Daniel loved Annie and couldn't help but',agree,-6.96555233001709
28,'Daniel loved Annie and couldn't help but',dote,-7.461042881011963
28,'Daniel loved Annie and couldn't help but',say,-5.950503349304199
28,'Daniel loved Annie and couldn't help but',doubting,-14.499994561076164
28,'Daniel loved Annie and couldn't help but',wanting more,-11.58958387374878
28,'Daniel loved Annie and couldn't help but',tell,-4.828795433044434
28,'Daniel loved Annie and couldn't help but',moan,-9.859375579282641
28,'Daniel loved Annie and couldn't help but',hug her,-8.307888090610504
28,'Daniel loved Annie and couldn't help but',gaze,-6.895377159118652
28,'Daniel loved Annie and couldn't help but',dream,-5.105746269226074
29,'The sailor entered the deck after lifting the door's',handle,-0.9601043462753296
29,'The sailor entered the deck after lifting the door's',latch,-2.70719575881958
29,'The sailor entered the deck after lifting the door's',hatch,-6.463868618011475
29,'The sailor entered the deck after lifting the door's',lock,-3.537907123565674
29,'The sailor entered the deck after lifting the door's',hinge,-5.070066928863525
29,'The sailor entered the deck after lifting the door's',knocker,-7.615910882130265
29,'The sailor entered the deck after lifting the door's',bolt,-5.828601360321045
29,'The sailor entered the deck after lifting the door's',stopper,-7.028204441070557
29,'The sailor entered the deck after lifting the door's',off,-10.52753734588623
29,'The sailor entered the deck after lifting the door's',window,-7.326022624969482
29,'The sailor entered the deck after lifting the door's',side,-5.82465124130249
29,'The sailor entered the deck after lifting the door's',curtain,-6.6549391746521
29,'The sailor entered the deck after lifting the door's',lever,-5.152786731719971
29,'The sailor entered the deck after lifting the door's',mast,-9.971044540405273
29,'The sailor entered the deck after lifting the door's',knob,-5.999311923980713
29,'The sailor entered the deck after lifting the door's',gate,-6.581075191497803
29,'The sailor entered the deck after lifting the door's',screen,-7.226196765899658
29,'The sailor entered the deck after lifting the door's',frame,-4.9595417976379395
29,'The sailor entered the deck after lifting the door's',opening,-6.846821308135986
29,'The sailor entered the deck after lifting the door's',hull,-9.198554992675781
29,'The sailor entered the deck after lifting the door's',clutch,-9.090852737426758
29,'The sailor entered the deck after lifting the door's',open,-7.129335880279541
30,'Allison did not like her husband calling her',names,-3.232806444168091
30,'Allison did not like her husband calling her',fat,-5.016745567321777
30,'Allison did not like her husband calling her',stupid,-5.183302879333496
30,'Allison did not like her husband calling her',honey,-5.416296005249023
30,'Allison did not like her husband calling her',babe,-7.697723388671875
30,'Allison did not like her husband calling her',sweetie,-6.1596870720386505
30,'Allison did not like her husband calling her',dumb,-7.013394355773926
30,'Allison did not like her husband calling her',often,-8.04794979095459
30,'Allison did not like her husband calling her',baby,-4.99099063873291
30,'Allison did not like her husband calling her',whore,-7.056090354919434
30,'Allison did not like her husband calling her',sweetheart,-5.680803298950195
30,'Allison did not like her husband calling her',suspicious,-11.089086532592773
30,'Allison did not like her husband calling her',sweetums,-14.090343475341797
30,'Allison did not like her husband calling her',gigi,-16.35837411880493
30,'Allison did not like her husband calling her',ugly,-5.913383483886719
30,'Allison did not like her husband calling her',lazy,-6.830206871032715
30,'Allison did not like her husband calling her',controlling,-12.368111610412598
30,'Allison did not like her husband calling her',bimbo,-9.219072837382555
30,'Allison did not like her husband calling her',out,-5.536314010620117
30,'Allison did not like her husband calling her',at home,-7.808205604553223
30,'Allison did not like her husband calling her',pumpkin,-9.692693710327148
30,'Allison did not like her husband calling her',slow,-9.801328659057617
30,'Allison did not like her husband calling her',woman,-6.982069969177246
30,'Allison did not like her husband calling her',senseless,-11.902285277843475
30,'Allison did not like her husband calling her',flighty,-11.367425739765167
30,'Allison did not like her husband calling her',dork,-9.66970443725586
30,'Allison did not like her husband calling her',sweet thang,-15.685836791992188
30,'Allison did not like her husband calling her',princess,-5.627266883850098
30,'Allison did not like her husband calling her',mom,-5.93746280670166
30,'Allison did not like her husband calling her',rude,-9.223841667175293
30,'Allison did not like her husband calling her',bunny,-9.141695976257324
30,'Allison did not like her husband calling her',bitchy,-9.250924825668335
30,'Allison did not like her husband calling her',sugar tits,-12.555537223815918
30,'Allison did not like her husband calling her',twit,-12.889517545700073
30,'Allison did not like her husband calling her',mean,-8.4576997756958
30,'Allison did not like her husband calling her',boring,-7.670012474060059
30,'Allison did not like her husband calling her',muffin,-10.736760973930359
31,'The impatient man kept glancing at his',watch,-0.22192448377609253
31,'The impatient man kept glancing at his',phone,-4.8659539222717285
31,'The impatient man kept glancing at his',wife,-4.395895481109619
31,'The impatient man kept glancing at his',car,-7.202922344207764
32,'The treasure chest didn't close because of a broken',latch,-1.9432973861694336
32,'The treasure chest didn't close because of a broken',lock,-2.0732526779174805
32,'The treasure chest didn't close because of a broken',hinge,-2.616835594177246
32,'The treasure chest didn't close because of a broken',clasp,-5.185117801651359
32,'The treasure chest didn't close because of a broken',lid,-2.9023656845092773
32,'The treasure chest didn't close because of a broken',handle,-3.3106184005737305
32,'The treasure chest didn't close because of a broken',glass,-6.187124252319336
32,'The treasure chest didn't close because of a broken',clamp,-7.331965446472168
33,'Looking for local beer, people walked to the',bar,-3.1812851428985596
33,'Looking for local beer, people walked to the',pub,-3.703446626663208
33,'Looking for local beer, people walked to the',brewery,-3.5449135303497314
33,'Looking for local beer, people walked to the',store,-3.423426866531372
33,'Looking for local beer, people walked to the',shore,-7.7644758224487305
33,'Looking for local beer, people walked to the',tavern,-6.109498023986816
33,'Looking for local beer, people walked to the',distributor,-8.983321189880371
33,'Looking for local beer, people walked to the',festival,-6.691258430480957
33,'Looking for local beer, people walked to the',boardwalk,-8.061415255069733
33,'Looking for local beer, people walked to the',market,-5.532190322875977
34,'Isaiah loved to see the wild eagles',fly,-3.4963016510009766
34,'Isaiah loved to see the wild eagles',soar,-2.368337631225586
34,'Isaiah loved to see the wild eagles',nest,-6.545352935791016
34,'Isaiah loved to see the wild eagles',flying,-2.7246341705322266
34,'Isaiah loved to see the wild eagles',wings,-9.605653762817383
34,'Isaiah loved to see the wild eagles',feathers,-11.20961856842041
34,'Isaiah loved to see the wild eagles',nests,-9.542311668395996
35,'After the marathon, Kelly dined at a buffet to',eat,-4.069430828094482
35,'After the marathon, Kelly dined at a buffet to',celebrate,-1.5696005821228027
35,'After the marathon, Kelly dined at a buffet to',refuel,-4.086837924318388
35,'After the marathon, Kelly dined at a buffet to',relax,-5.466241359710693
35,'After the marathon, Kelly dined at a buffet to',replenish,-3.699223405797966
35,'After the marathon, Kelly dined at a buffet to',rest,-5.23738431930542
35,'After the marathon, Kelly dined at a buffet to',recover,-5.070586681365967
35,'After the marathon, Kelly dined at a buffet to',nourish,-5.803456136665773
35,'After the marathon, Kelly dined at a buffet to',recoup,-8.165678936988115
35,'After the marathon, Kelly dined at a buffet to',recharge,-5.005940914154053
35,'After the marathon, Kelly dined at a buffet to',reenergize,-7.19974714005366
35,'After the marathon, Kelly dined at a buffet to',refresh,-7.100986957550049
35,'After the marathon, Kelly dined at a buffet to',go,-5.793063640594482
35,'After the marathon, Kelly dined at a buffet to',regain her energy,-7.971440017223358
35,'After the marathon, Kelly dined at a buffet to',beef up,-10.819213561713696
35,'After the marathon, Kelly dined at a buffet to',refill,-6.555877208709717
35,'After the marathon, Kelly dined at a buffet to',content,-10.350685119628906
35,'After the marathon, Kelly dined at a buffet to',gorge,-6.889764308929443
36,'The men wanted to fish but they had no',bait,-1.834823727607727
36,'The men wanted to fish but they had no',poles,-3.742246627807617
36,'The men wanted to fish but they had no',rods,-2.2769508361816406
36,'The men wanted to fish but they had no',money,-4.143028259277344
36,'The men wanted to fish but they had no',worms,-6.468191146850586
36,'The men wanted to fish but they had no',line,-5.196727752685547
36,'The men wanted to fish but they had no',boat,-3.435659408569336
36,'The men wanted to fish but they had no',lures,-4.959995609242469
36,'The men wanted to fish but they had no',fish,-4.320545196533203
36,'The men wanted to fish but they had no',fish in stock,-16.068305492401123
36,'The men wanted to fish but they had no',license,-3.629070281982422
36,'The men wanted to fish but they had no',cod,-9.428881645202637
36,'The men wanted to fish but they had no',tackle,-3.530872344970703
36,'The men wanted to fish but they had no',choice,-5.955911636352539
36,'The men wanted to fish but they had no',skills,-8.044360160827637
36,'The men wanted to fish but they had no',nets,-4.266075134277344
36,'The men wanted to fish but they had no',reels,-6.743503570556641
36,'The men wanted to fish but they had no',hurry,-11.066645622253418
36,'The men wanted to fish but they had no',pan,-9.247157096862793
36,'The men wanted to fish but they had no',salmon,-7.849010467529297
37,'Becca was disappointed that the free trip was a',scam,-6.153542995452881
37,'Becca was disappointed that the free trip was a',bust,-5.321499347686768
37,'Becca was disappointed that the free trip was a',hoax,-7.431177616119385
37,'Becca was disappointed that the free trip was a',disaster,-6.638960361480713
37,'Becca was disappointed that the free trip was a',sham,-8.46684455871582
37,'Becca was disappointed that the free trip was a',bore,-8.502756118774414
37,'Becca was disappointed that the free trip was a',dud,-7.026908081024885
37,'Becca was disappointed that the free trip was a',cancelled,-7.771754741668701
37,'Becca was disappointed that the free trip was a',lie,-4.85729455947876
37,'Becca was disappointed that the free trip was a',waste,-5.235556125640869
37,'Becca was disappointed that the free trip was a',fake,-6.135822772979736
37,'Becca was disappointed that the free trip was a',cruise,-5.821446895599365
37,'Becca was disappointed that the free trip was a',joke,-6.2714667320251465
37,'Becca was disappointed that the free trip was a',weekend,-5.698256015777588
37,'Becca was disappointed that the free trip was a',failure,-7.2310614585876465
37,'Becca was disappointed that the free trip was a',ruse,-5.770950347185135
37,'Becca was disappointed that the free trip was a',canceled,-8.832010269165039
37,'Becca was disappointed that the free trip was a',fraud,-8.072813034057617
37,'Becca was disappointed that the free trip was a',rouse,-11.32673168182373
37,'Becca was disappointed that the free trip was a',flop,-6.872154712677002
37,'Becca was disappointed that the free trip was a',ride,-6.498198986053467
37,'Becca was disappointed that the free trip was a',lost,-6.763915538787842
38,'Mother wouldn't let me wear it because of the',color,-4.415375709533691
38,'Mother wouldn't let me wear it because of the',cut,-5.390854835510254
38,'Mother wouldn't let me wear it because of the',length,-4.732607841491699
38,'Mother wouldn't let me wear it because of the',holes,-5.246888160705566
38,'Mother wouldn't let me wear it because of the',neckline,-6.543210029602051
38,'Mother wouldn't let me wear it because of the',stain,-6.491548538208008
38,'Mother wouldn't let me wear it because of the',size,-4.3784074783325195
38,'Mother wouldn't let me wear it because of the',weather,-8.985044479370117
38,'Mother wouldn't let me wear it because of the',rip,-7.51619815826416
38,'Mother wouldn't let me wear it because of the',rain,-7.563938140869141
38,'Mother wouldn't let me wear it because of the',tear,-7.925402641296387
38,'Mother wouldn't let me wear it because of the',slit,-6.943424224853516
38,'Mother wouldn't let me wear it because of the',price,-3.8607170581817627
38,'Mother wouldn't let me wear it because of the',style,-6.272844314575195
38,'Mother wouldn't let me wear it because of the',lace,-4.260363578796387
38,'Mother wouldn't let me wear it because of the',hemline,-7.472108602523804
38,'Mother wouldn't let me wear it because of the',diamonds,-6.969643592834473
38,'Mother wouldn't let me wear it because of the',cost,-7.114005088806152
38,'Mother wouldn't let me wear it because of the',sheerness,-11.525243997573853
38,'Mother wouldn't let me wear it because of the',smell,-5.985982894897461
38,'Mother wouldn't let me wear it because of the',shortness,-9.348236560821533
38,'Mother wouldn't let me wear it because of the',fur,-5.618966102600098
38,'Mother wouldn't let me wear it because of the',content,-9.681936264038086
38,'Mother wouldn't let me wear it because of the',strap,-4.891415596008301
38,'Mother wouldn't let me wear it because of the',cutouts,-8.130810737609863
38,'Mother wouldn't let me wear it because of the',sun,-6.927311897277832
38,'Mother wouldn't let me wear it because of the',straps,-4.581867218017578
38,'Mother wouldn't let me wear it because of the',sleeves,-5.572458267211914
38,'Mother wouldn't let me wear it because of the',cleavage,-7.637738987803459
38,'Mother wouldn't let me wear it because of the',backless design,-13.238094806671143
38,'Mother wouldn't let me wear it because of the',implications,-11.235740661621094
38,'Mother wouldn't let me wear it because of the',logo,-5.637774467468262
38,'Mother wouldn't let me wear it because of the',cold,-8.885634422302246
38,'Mother wouldn't let me wear it because of the',skirt,-5.943510055541992
38,'Mother wouldn't let me wear it because of the',fabric,-5.432599067687988
39,'They didn't stop working until the sun had',set,-0.41300639510154724
39,'They didn't stop working until the sun had',risen,-4.061037540435791
39,'They didn't stop working until the sun had',gone,-1.8094526529312134
39,'They didn't stop working until the sun had',fallen,-4.255320072174072
39,'They didn't stop working until the sun had',gone down,-1.856699127703905
39,'They didn't stop working until the sun had',went down,-7.642065089195967
39,'They didn't stop working until the sun had',dropped,-4.638565540313721
39,'They didn't stop working until the sun had',down,-9.54343032836914
39,'They didn't stop working until the sun had',lowered,-7.225203037261963
40,'At the end of dinner, Jason picked up the',tab,-4.959049224853516
40,'At the end of dinner, Jason picked up the',check,-2.2691409587860107
40,'At the end of dinner, Jason picked up the',dishes,-4.493192672729492
40,'At the end of dinner, Jason picked up the',plates,-3.835430860519409
40,'At the end of dinner, Jason picked up the',bill,-3.6223132610321045
40,'At the end of dinner, Jason picked up the',phone,-4.28023624420166
40,'At the end of dinner, Jason picked up the',fork,-5.475702285766602
40,'At the end of dinner, Jason picked up the',mess,-9.502999305725098
40,'At the end of dinner, Jason picked up the',spoon,-6.184377670288086
40,'At the end of dinner, Jason picked up the',pace,-6.153411865234375
40,'At the end of dinner, Jason picked up the',leftovers,-4.96284294128418
40,'At the end of dinner, Jason picked up the',pickle,-8.656197547912598
40,'At the end of dinner, Jason picked up the',microphone,-7.001002311706543
40,'At the end of dinner, Jason picked up the',violin,-8.107832908630371
41,'The generous benefactor had lots of money to',donate,-2.496858596801758
41,'The generous benefactor had lots of money to',give,-1.1610413789749146
41,'The generous benefactor had lots of money to',spend,-2.242687225341797
41,'The generous benefactor had lots of money to',spare,-1.7268582582473755
41,'The generous benefactor had lots of money to',share,-3.806255340576172
41,'The generous benefactor had lots of money to',burn,-4.03321647644043
41,'The generous benefactor had lots of money to',waste,-5.192005157470703
41,'The generous benefactor had lots of money to',offer,-4.513525009155273
41,'The generous benefactor had lots of money to',squander,-7.139449790760409
41,'The generous benefactor had lots of money to',distribute,-5.018579483032227
41,'The generous benefactor had lots of money to',debt,-16.067325592041016
41,'The generous benefactor had lots of money to',gain,-10.434077262878418
41,'The generous benefactor had lots of money to',blow,-7.873653411865234
42,'At the landfill, Fred cut himself on a rusty',nail,-1.013534426689148
42,'At the landfill, Fred cut himself on a rusty',can,-6.05258846282959
42,'At the landfill, Fred cut himself on a rusty',pipe,-4.0096893310546875
42,'At the landfill, Fred cut himself on a rusty',tin,-4.826972961425781
42,'At the landfill, Fred cut himself on a rusty',spike,-4.82325553894043
42,'At the landfill, Fred cut himself on a rusty',steel,-4.304252624511719
42,'At the landfill, Fred cut himself on a rusty',knife,-4.133188247680664
42,'At the landfill, Fred cut himself on a rusty',spring,-7.607317924499512
42,'At the landfill, Fred cut himself on a rusty',bar,-4.006141662597656
42,'At the landfill, Fred cut himself on a rusty',saw,-5.70053768157959
42,'At the landfill, Fred cut himself on a rusty',rake,-6.451718330383301
42,'At the landfill, Fred cut himself on a rusty',part,-5.734794616699219
42,'At the landfill, Fred cut himself on a rusty',sheet,-5.265724182128906
43,'The audio was normal but the video had a',glitch,-3.3277382850646973
43,'The audio was normal but the video had a',problem,-3.0568795204162598
43,'The audio was normal but the video had a',blur,-5.988985538482666
43,'The audio was normal but the video had a',flaw,-6.952416896820068
43,'The audio was normal but the video had a',lag,-5.714945316314697
43,'The audio was normal but the video had a',fuzziness,-9.005217671394348
43,'The audio was normal but the video had a',skip,-6.386526584625244
43,'The audio was normal but the video had a',distortion,-5.373922824859619
43,'The audio was normal but the video had a',issues,-10.369033813476562
43,'The audio was normal but the video had a',line,-6.054768085479736
43,'The audio was normal but the video had a',delay,-4.4163384437561035
43,'The audio was normal but the video had a',skipped,-9.09423828125
43,'The audio was normal but the video had a',defect,-6.453287601470947
43,'The audio was normal but the video had a',hiss,-9.280384063720703
43,'The audio was normal but the video had a',judder,-7.965512633323669
43,'The audio was normal but the video had a',gap,-6.4944987297058105
43,'The audio was normal but the video had a',static sound,-9.708705425262451
43,'The audio was normal but the video had a',error,-9.161657333374023
43,'The audio was normal but the video had a',squeak,-11.485827445983887
43,'The audio was normal but the video had a',blip,-8.859267234802246
43,'The audio was normal but the video had a',buffer,-8.616832733154297
43,'The audio was normal but the video had a',hiccup,-7.528311942704022
43,'The audio was normal but the video had a',roll,-8.681680679321289
43,'The audio was normal but the video had a',jerkiness,-7.222983479499817
43,'The audio was normal but the video had a',malfunction,-8.063772201538086
43,'The audio was normal but the video had a',stutter,-4.415335178375244
43,'The audio was normal but the video had a',stutter,-4.415335178375244
43,'The audio was normal but the video had a',hue,-8.494699478149414
43,'The audio was normal but the video had a',watermark,-6.411623477935791
43,'The audio was normal but the video had a',disturbance,-9.507074356079102
43,'The audio was normal but the video had a',crackle,-6.67676842212677
44,'After a day outside, Eric had sunburns on his',arms,-1.96180260181427
44,'After a day outside, Eric had sunburns on his',shoulders,-2.725274085998535
44,'After a day outside, Eric had sunburns on his',face,-1.657584309577942
44,'After a day outside, Eric had sunburns on his',back,-2.5749197006225586
44,'After a day outside, Eric had sunburns on his',neck,-2.762631416320801
44,'After a day outside, Eric had sunburns on his',body,-4.838902473449707
44,'After a day outside, Eric had sunburns on his',cheeks,-3.609787940979004
44,'After a day outside, Eric had sunburns on his',legs,-2.73410701751709
44,'After a day outside, Eric had sunburns on his',head,-4.340323448181152
44,'After a day outside, Eric had sunburns on his',skin,-6.241671562194824
44,'After a day outside, Eric had sunburns on his',foot,-9.419472694396973
44,'After a day outside, Eric had sunburns on his',hand,-6.875052452087402
44,'After a day outside, Eric had sunburns on his',forehead,-4.670107841491699
44,'After a day outside, Eric had sunburns on his',ears,-4.4959306716918945
45,'When the bomb detonated, people miles away heard the',blast,-2.083824396133423
45,'When the bomb detonated, people miles away heard the',explosion,-1.7101881504058838
45,'When the bomb detonated, people miles away heard the',boom,-3.371492624282837
45,'When the bomb detonated, people miles away heard the',sound,-2.628664255142212
45,'When the bomb detonated, people miles away heard the',noise,-3.2525675296783447
45,'When the bomb detonated, people miles away heard the',whoosh,-6.79024238884449
45,'When the bomb detonated, people miles away heard the',bang,-4.504325866699219
45,'When the bomb detonated, people miles away heard the',blow,-9.363428115844727
46,'When he got to work, the baker prepared fresh',bread,-1.45966374874115
46,'When he got to work, the baker prepared fresh',dough,-2.2762551307678223
46,'When he got to work, the baker prepared fresh',donuts,-5.451174149289727
46,'When he got to work, the baker prepared fresh',rolls,-2.4705605506896973
46,'When he got to work, the baker prepared fresh',food,-6.427820682525635
46,'When he got to work, the baker prepared fresh',fish,-7.741308689117432
46,'When he got to work, the baker prepared fresh',muffins,-5.193214159458876
46,'When he got to work, the baker prepared fresh',pastries,-3.510847218334675
46,'When he got to work, the baker prepared fresh',cakes,-4.561539173126221
46,'When he got to work, the baker prepared fresh',loaves,-3.384576018899679
46,'When he got to work, the baker prepared fresh',biscuits,-4.209991931915283
46,'When he got to work, the baker prepared fresh',buns,-4.274560898542404
46,'When he got to work, the baker prepared fresh',pastry,-5.142178058624268
46,'When he got to work, the baker prepared fresh',croissants,-3.8074771763931494
46,'When he got to work, the baker prepared fresh',salad,-10.367398262023926
46,'When he got to work, the baker prepared fresh',cookies,-4.33781099319458
46,'When he got to work, the baker prepared fresh',bagels,-5.109958529472351
47,'Michael went to the colosseum to watch a',fight,-2.7199270725250244
47,'Michael went to the colosseum to watch a',game,-4.038322448730469
47,'Michael went to the colosseum to watch a',match,-6.037356376647949
47,'Michael went to the colosseum to watch a',show,-2.7027628421783447
47,'Michael went to the colosseum to watch a',concert,-6.857536315917969
47,'Michael went to the colosseum to watch a',battle,-4.330354690551758
47,'Michael went to the colosseum to watch a',play,-4.107234954833984
47,'Michael went to the colosseum to watch a',race,-8.091822624206543
47,'Michael went to the colosseum to watch a',bullfight,-6.25585812330246
47,'Michael went to the colosseum to watch a',tournament,-8.24323558807373
47,'Michael went to the colosseum to watch a',spectacle,-5.538288116455078
47,'Michael went to the colosseum to watch a',gladiator,-1.5822268277406693
47,'Michael went to the colosseum to watch a',movie,-4.155599594116211
47,'Michael went to the colosseum to watch a',duel,-7.548070907592773
48,'Joshua felt intense pain after hitting a',wall,-3.0391921997070312
48,'Joshua felt intense pain after hitting a',tree,-3.6002349853515625
48,'Joshua felt intense pain after hitting a',nerve,-6.010717391967773
48,'Joshua felt intense pain after hitting a',door,-7.308673858642578
48,'Joshua felt intense pain after hitting a',rock,-2.8798160552978516
48,'Joshua felt intense pain after hitting a',pole,-8.088500022888184
48,'Joshua felt intense pain after hitting a',car,-4.739919662475586
48,'Joshua felt intense pain after hitting a',ball,-3.2311630249023438
48,'Joshua felt intense pain after hitting a',nail,-5.208040237426758
48,'Joshua felt intense pain after hitting a',table,-8.242900848388672
48,'Joshua felt intense pain after hitting a',curb,-6.879112243652344
48,'Joshua felt intense pain after hitting a',board,-8.408848762512207
48,'Joshua felt intense pain after hitting a',toe,-8.706836700439453
48,'Joshua felt intense pain after hitting a',bone,-6.5731916427612305
48,'Joshua felt intense pain after hitting a',pothole,-6.839635013137013
48,'Joshua felt intense pain after hitting a',baseball,-3.9615440368652344
48,'Joshua felt intense pain after hitting a',bus,-7.683952331542969
48,'Joshua felt intense pain after hitting a',bump,-4.80528450012207
48,'Joshua felt intense pain after hitting a',deer,-3.6293907165527344
48,'Joshua felt intense pain after hitting a',foot,-8.787618637084961
48,'Joshua felt intense pain after hitting a',dummy,-8.22315788269043
48,'Joshua felt intense pain after hitting a',shin,-9.26214599609375
48,'Joshua felt intense pain after hitting a',person,-7.117792129516602
48,'Joshua felt intense pain after hitting a',brick,-5.074544906616211
48,'Joshua felt intense pain after hitting a',stone,-5.16276741027832
49,'Cameron laughed so hard he started to',cry,-0.5804147720336914
49,'Cameron laughed so hard he started to',pee,-4.501194953918457
49,'Cameron laughed so hard he started to',cough,-3.1829118728637695
49,'Cameron laughed so hard he started to',choke,-2.0913286209106445
49,'Cameron laughed so hard he started to',snort,-3.832326740026474
49,'Cameron laughed so hard he started to',tear,-3.455601692199707
49,'Cameron laughed so hard he started to',gasp,-6.897131183184683
49,'Cameron laughed so hard he started to',heave,-7.730581426993012
49,'Cameron laughed so hard he started to',run,-7.326142311096191
49,'Cameron laughed so hard he started to',burst,-7.262747764587402
49,'Cameron laughed so hard he started to',fart,-8.781912803649902
49,'Cameron laughed so hard he started to',ache,-9.497298240661621
49,'Cameron laughed so hard he started to',hyperventilate,-4.307922922074795
50,'The heavy box had both a large volume and',weight,-2.6144049167633057
50,'The heavy box had both a large volume and',mass,-5.109226226806641
50,'The heavy box had both a large volume and',size,-5.96265983581543
50,'The heavy box had both a large volume and',small,-4.563188552856445
50,'The heavy box had both a large volume and',density,-6.203166961669922
50,'The heavy box had both a large volume and',shape,-6.0459442138671875
50,'The heavy box had both a large volume and',width,-6.76637077331543
50,'The heavy box had both a large volume and',capacity,-6.941652297973633
50,'The heavy box had both a large volume and',depth,-6.827615737915039
50,'The heavy box had both a large volume and',height,-6.430902481079102
50,'The heavy box had both a large volume and',girth,-9.681906662881374
50,'The heavy box had both a large volume and',base,-9.6544771194458
50,'The heavy box had both a large volume and',circumference,-9.818521499633789
50,'The heavy box had both a large volume and',space,-7.908327102661133
50,'The heavy box had both a large volume and',area,-8.735673904418945
50,'The heavy box had both a large volume and',sides,-9.078205108642578
50,'The heavy box had both a large volume and',yell,-16.622739791870117
50,'The heavy box had both a large volume and',sound,-8.990137100219727
50,'The heavy box had both a large volume and',thick sides,-9.748312711715698
50,'The heavy box had both a large volume and',low,-4.68779182434082
50,'The heavy box had both a large volume and',supply,-11.37295150756836
50,'The heavy box had both a large volume and',noise,-10.620247840881348
50,'The heavy box had both a large volume and',heft,-6.972556263208389
50,'The heavy box had both a large volume and',more,-7.566677093505859
51,'The strong landscaper removed the tree root after one',pull,-8.942954063415527
51,'The strong landscaper removed the tree root after one',tug,-11.074810028076172
51,'The strong landscaper removed the tree root after one',try,-6.70302677154541
51,'The strong landscaper removed the tree root after one',fell,-4.500314712524414
51,'The strong landscaper removed the tree root after one',chop,-9.020955085754395
51,'The strong landscaper removed the tree root after one',day,-2.404451370239258
51,'The strong landscaper removed the tree root after one',another,-7.543073654174805
51,'The strong landscaper removed the tree root after one',whack,-8.488107740879059
51,'The strong landscaper removed the tree root after one',hour,-3.3867530822753906
51,'The strong landscaper removed the tree root after one',dig,-9.109143257141113
51,'The strong landscaper removed the tree root after one',root,-6.798225402832031
51,'The strong landscaper removed the tree root after one',blow,-7.017155647277832
51,'The strong landscaper removed the tree root after one',lift,-9.41326904296875
51,'The strong landscaper removed the tree root after one',thrust,-11.721709251403809
51,'The strong landscaper removed the tree root after one',swing,-8.028968811035156
51,'The strong landscaper removed the tree root after one',died,-8.584216117858887
51,'The strong landscaper removed the tree root after one',push,-8.512137413024902
51,'The strong landscaper removed the tree root after one',hit,-7.680723190307617
51,'The strong landscaper removed the tree root after one',mishap,-11.496028825640678
51,'The strong landscaper removed the tree root after one',scoop,-10.095281600952148
51,'The strong landscaper removed the tree root after one',heave,-10.466198205947876
51,'The strong landscaper removed the tree root after one',yank,-13.384558200836182
51,'The strong landscaper removed the tree root after one',uprooted,-9.981329999864101
51,'The strong landscaper removed the tree root after one',broke,-10.026342391967773
51,'The strong landscaper removed the tree root after one',storm,-5.688770294189453
51,'The strong landscaper removed the tree root after one',night,-4.033273696899414
52,'After the vandal punctured the water tower, water began to',leak,-2.4590396881103516
52,'After the vandal punctured the water tower, water began to',pour,-2.4153671264648438
52,'After the vandal punctured the water tower, water began to',flow,-1.1806831359863281
52,'After the vandal punctured the water tower, water began to',spill,-3.5557861328125
52,'After the vandal punctured the water tower, water began to',spurt,-5.68461549282074
52,'After the vandal punctured the water tower, water began to',spew,-5.774613738059998
52,'After the vandal punctured the water tower, water began to',spray,-5.408960342407227
52,'After the vandal punctured the water tower, water began to',gush,-2.8489530086517334
52,'After the vandal punctured the water tower, water began to',drip,-4.053617477416992
52,'After the vandal punctured the water tower, water began to',pour out,-3.2920368909835815
52,'After the vandal punctured the water tower, water began to',run,-2.6924171447753906
52,'After the vandal punctured the water tower, water began to',squirt,-8.565122604370117
52,'After the vandal punctured the water tower, water began to',blast,-10.53137493133545
52,'After the vandal punctured the water tower, water began to',laugh,-12.958303451538086
52,'After the vandal punctured the water tower, water began to',seep,-4.014377163024619
52,'After the vandal punctured the water tower, water began to',fall,-4.461652755737305
52,'After the vandal punctured the water tower, water began to',come out,-4.101446986198425
53,'While eating the soup, Ariel could taste the',salt,-3.6660232543945312
53,'While eating the soup, Ariel could taste the',garlic,-5.960039138793945
53,'While eating the soup, Ariel could taste the',chicken,-4.972480773925781
53,'While eating the soup, Ariel could taste the',onion,-6.330267906188965
53,'While eating the soup, Ariel could taste the',spices,-5.068641662597656
53,'While eating the soup, Ariel could taste the',pepper,-6.050229072570801
53,'While eating the soup, Ariel could taste the',vegetables,-6.65202522277832
53,'While eating the soup, Ariel could taste the',beans,-7.454145431518555
53,'While eating the soup, Ariel could taste the',carrots,-7.894111633300781
53,'While eating the soup, Ariel could taste the',mushroom,-7.5086517333984375
53,'While eating the soup, Ariel could taste the',basil,-6.356410980224609
53,'While eating the soup, Ariel could taste the',seasoning,-7.246603012084961
53,'While eating the soup, Ariel could taste the',shrimp,-6.537754058837891
53,'While eating the soup, Ariel could taste the',celery,-7.4872894287109375
53,'While eating the soup, Ariel could taste the',fly,-11.67276382446289
53,'While eating the soup, Ariel could taste the',flavor,-4.167413711547852
53,'While eating the soup, Ariel could taste the',fish,-4.83922004699707
53,'While eating the soup, Ariel could taste the',ham,-7.623722076416016
53,'While eating the soup, Ariel could taste the',aroma,-4.8951263427734375
53,'While eating the soup, Ariel could taste the',bacon,-7.091802597045898
53,'While eating the soup, Ariel could taste the',parsley,-8.242809295654297
53,'While eating the soup, Ariel could taste the',cilantro,-8.830182187259197
53,'While eating the soup, Ariel could taste the',eggs,-7.441905975341797
53,'While eating the soup, Ariel could taste the',carrot,-8.075258255004883
53,'While eating the soup, Ariel could taste the',bug,-10.968356132507324
53,'While eating the soup, Ariel could taste the',broth,-6.7421722412109375
53,'While eating the soup, Ariel could taste the',saffron,-9.658248046878725
53,'While eating the soup, Ariel could taste the',herbs,-5.754981994628906
53,'While eating the soup, Ariel could taste the',sage,-7.51143741607666
54,'The experienced farmer enjoyed working with',animals,-3.7057652473449707
54,'The experienced farmer enjoyed working with',crops,-6.469970226287842
54,'The experienced farmer enjoyed working with',soil,-6.4787468910217285
54,'The experienced farmer enjoyed working with',cows,-5.0294976234436035
54,'The experienced farmer enjoyed working with',tractors,-7.650212096050382
54,'The experienced farmer enjoyed working with',dirt,-8.589949607849121
54,'The experienced farmer enjoyed working with',tools,-8.259868621826172
54,'The experienced farmer enjoyed working with',cattle,-4.39524507522583
54,'The experienced farmer enjoyed working with',horses,-3.8740715980529785
54,'The experienced farmer enjoyed working with',plants,-5.515364170074463
